행정구역,생활밀접업종,2020년 1분기,,,2021년 1분기,,,2022년 1분기,,,행정구역,생활밀접업종,2020년 2분기,,,2021년 2분기,,,2022년 2분기,,,행정구역,생활밀접업종,2020년 3분기,,,2021년 3분기,,,2022년 3분기,,,행정구역,생활밀접업종,2020년 4분기,,,2021년 4분기,,,2022년 4분기,,,행정구역,생활밀접업종,2020년 1분기,,,2021년 1분기,,,2022년 1분기,,,행정구역,생활밀접업종,2020년 2분기,,,2021년 2분기,,,2022년 2분기,,,행정구역,생활밀접업종,2020년 3분기,,,2021년 3분기,,,2022년 3분기,,,행정구역,생활밀접업종,2020년 4분기,,,2021년 4분기,,,2022년 4분기,,,행정구역,생활밀접업종,2020년 1분기,,,2021년 1분기,,,2022년 1분기,,,행정구역,생활밀접업종,2020년 2분기,,,2021년 2분기,,,2022년 2분기,,,행정구역,생활밀접업종,2020년 3분기,,,2021년 3분기,,,2022년 3분기,,,행정구역,생활밀접업종,2020년 4분기,,,2021년 4분기,,,2022년 4분기,,,행정구역,생활밀접업종,2020년 1분기,,,2021년 1분기,,,2022년 1분기,,,행정구역,생활밀접업종,2020년 2분기,,,2021년 2분기,,,2022년 2분기,,,행정구역,생활밀접업종,2020년 3분기,,,2021년 3분기,,,2022년 3분기,,,행정구역,생활밀접업종,2020년 4분기,,,2021년 4분기,,,2022년 4분기,,,행정구역,생활밀접업종,2020년 1분기,,,2021년 1분기,,,2022년 1분기,,,행정구역,생활밀접업종,2020년 2분기,,,2021년 2분기,,,2022년 2분기,,,행정구역,생활밀접업종,2020년 3분기,,,2021년 3분기,,,2022년 3분기,,,행정구역,생활밀접업종,2020년 4분기,,,2021년 4분기,,,2022년 4분기,,,행정구역,생활밀접업종,2020년 1분기,,,2021년 1분기,,,2022년 1분기,,,행정구역,생활밀접업종,2020년 2분기,,,2021년 2분기,,,2022년 2분기,,,행정구역,생활밀접업종,2020년 3분기,,,2021년 3분기,,,2022년 3분기,,,행정구역,생활밀접업종,2020년 4분기,,,2021년 4분기,,,2022년 4분기,,,행정구역,생활밀접업종,2020년 1분기,,,2021년 1분기,,,2022년 1분기,,,행정구역,생활밀접업종,2020년 2분기,,,2021년 2분기,,,2022년 2분기,,,행정구역,생활밀접업종,2020년 3분기,,,2021년 3분기,,,2022년 3분기,,,행정구역,생활밀접업종,2020년 4분기,,,2021년 4분기,,,2022년 4분기,,,행정구역,생활밀접업종,2020년 1분기,,,2021년 1분기,,,2022년 1분기,,,행정구역,생활밀접업종,2020년 2분기,,,2021년 2분기,,,2022년 2분기,,,행정구역,생활밀접업종,2020년 3분기,,,2021년 3분기,,,2022년 3분기,,,행정구역,생활밀접업종,2020년 4분기,,,2021년 4분기,,,2022년 4분기,,,행정구역,생활밀접업종,2020년 1분기,,,2021년 1분기,,,2022년 1분기,,,행정구역,생활밀접업종,2020년 2분기,,,2021년 2분기,,,2022년 2분기,,,행정구역,생활밀접업종,2020년 3분기,,,2021년 3분기,,,2022년 3분기,,,행정구역,생활밀접업종,2020년 4분기,,,2021년 4분기,,,2022년 4분기,,,행정구역,생활밀접업종,2020년 1분기,,,2021년 1분기,,,2022년 1분기,,,행정구역,생활밀접업종,2020년 2분기,,,2021년 2분기,,,2022년 2분기,,,행정구역,생활밀접업종,2020년 3분기,,,2021년 3분기,,,2022년 3분기,,,행정구역,생활밀접업종,2020년 4분기,,,2021년 4분기,,,2022년 4분기,,
,,1년,3년,5년,1년,3년,5년,1년,3년,5년,,,1년,3년,5년,1년,3년,5년,1년,3년,5년,,,1년,3년,5년,1년,3년,5년,1년,3년,5년,,,1년,3년,5년,1년,3년,5년,1년,3년,5년,,,1년,3년,5년,1년,3년,5년,1년,3년,5년,,,1년,3년,5년,1년,3년,5년,1년,3년,5년,,,1년,3년,5년,1년,3년,5년,1년,3년,5년,,,1년,3년,5년,1년,3년,5년,1년,3년,5년,,,1년,3년,5년,1년,3년,5년,1년,3년,5년,,,1년,3년,5년,1년,3년,5년,1년,3년,5년,,,1년,3년,5년,1년,3년,5년,1년,3년,5년,,,1년,3년,5년,1년,3년,5년,1년,3년,5년,,,1년,3년,5년,1년,3년,5년,1년,3년,5년,,,1년,3년,5년,1년,3년,5년,1년,3년,5년,,,1년,3년,5년,1년,3년,5년,1년,3년,5년,,,1년,3년,5년,1년,3년,5년,1년,3년,5년,,,1년,3년,5년,1년,3년,5년,1년,3년,5년,,,1년,3년,5년,1년,3년,5년,1년,3년,5년,,,1년,3년,5년,1년,3년,5년,1년,3년,5년,,,1년,3년,5년,1년,3년,5년,1년,3년,5년,,,1년,3년,5년,1년,3년,5년,1년,3년,5년,,,1년,3년,5년,1년,3년,5년,1년,3년,5년,,,1년,3년,5년,1년,3년,5년,1년,3년,5년,,,1년,3년,5년,1년,3년,5년,1년,3년,5년,,,1년,3년,5년,1년,3년,5년,1년,3년,5년,,,1년,3년,5년,1년,3년,5년,1년,3년,5년,,,1년,3년,5년,1년,3년,5년,1년,3년,5년,,,1년,3년,5년,1년,3년,5년,1년,3년,5년,,,1년,3년,5년,1년,3년,5년,1년,3년,5년,,,1년,3년,5년,1년,3년,5년,1년,3년,5년,,,1년,3년,5년,1년,3년,5년,1년,3년,5년,,,1년,3년,5년,1년,3년,5년,1년,3년,5년,,,1년,3년,5년,1년,3년,5년,1년,3년,5년,,,1년,3년,5년,1년,3년,5년,1년,3년,5년,,,1년,3년,5년,1년,3년,5년,1년,3년,5년,,,1년,3년,5년,1년,3년,5년,1년,3년,5년,,,1년,3년,5년,1년,3년,5년,1년,3년,5년,,,1년,3년,5년,1년,3년,5년,1년,3년,5년,,,1년,3년,5년,1년,3년,5년,1년,3년,5년,,,1년,3년,5년,1년,3년,5년,1년,3년,5년
,,생존율,생존율,생존율,생존율,생존율,생존율,생존율,생존율,생존율,,,생존율,생존율,생존율,생존율,생존율,생존율,생존율,생존율,생존율,,,생존율,생존율,생존율,생존율,생존율,생존율,생존율,생존율,생존율,,,생존율,생존율,생존율,생존율,생존율,생존율,생존율,생존율,생존율,,,생존율,생존율,생존율,생존율,생존율,생존율,생존율,생존율,생존율,,,생존율,생존율,생존율,생존율,생존율,생존율,생존율,생존율,생존율,,,생존율,생존율,생존율,생존율,생존율,생존율,생존율,생존율,생존율,,,생존율,생존율,생존율,생존율,생존율,생존율,생존율,생존율,생존율,,,생존율,생존율,생존율,생존율,생존율,생존율,생존율,생존율,생존율,,,생존율,생존율,생존율,생존율,생존율,생존율,생존율,생존율,생존율,,,생존율,생존율,생존율,생존율,생존율,생존율,생존율,생존율,생존율,,,생존율,생존율,생존율,생존율,생존율,생존율,생존율,생존율,생존율,,,생존율,생존율,생존율,생존율,생존율,생존율,생존율,생존율,생존율,,,생존율,생존율,생존율,생존율,생존율,생존율,생존율,생존율,생존율,,,생존율,생존율,생존율,생존율,생존율,생존율,생존율,생존율,생존율,,,생존율,생존율,생존율,생존율,생존율,생존율,생존율,생존율,생존율,,,생존율,생존율,생존율,생존율,생존율,생존율,생존율,생존율,생존율,,,생존율,생존율,생존율,생존율,생존율,생존율,생존율,생존율,생존율,,,생존율,생존율,생존율,생존율,생존율,생존율,생존율,생존율,생존율,,,생존율,생존율,생존율,생존율,생존율,생존율,생존율,생존율,생존율,,,생존율,생존율,생존율,생존율,생존율,생존율,생존율,생존율,생존율,,,생존율,생존율,생존율,생존율,생존율,생존율,생존율,생존율,생존율,,,생존율,생존율,생존율,생존율,생존율,생존율,생존율,생존율,생존율,,,생존율,생존율,생존율,생존율,생존율,생존율,생존율,생존율,생존율,,,생존율,생존율,생존율,생존율,생존율,생존율,생존율,생존율,생존율,,,생존율,생존율,생존율,생존율,생존율,생존율,생존율,생존율,생존율,,,생존율,생존율,생존율,생존율,생존율,생존율,생존율,생존율,생존율,,,생존율,생존율,생존율,생존율,생존율,생존율,생존율,생존율,생존율,,,생존율,생존율,생존율,생존율,생존율,생존율,생존율,생존율,생존율,,,생존율,생존율,생존율,생존율,생존율,생존율,생존율,생존율,생존율,,,생존율,생존율,생존율,생존율,생존율,생존율,생존율,생존율,생존율,,,생존율,생존율,생존율,생존율,생존율,생존율,생존율,생존율,생존율,,,생존율,생존율,생존율,생존율,생존율,생존율,생존율,생존율,생존율,,,생존율,생존율,생존율,생존율,생존율,생존율,생존율,생존율,생존율,,,생존율,생존율,생존율,생존율,생존율,생존율,생존율,생존율,생존율,,,생존율,생존율,생존율,생존율,생존율,생존율,생존율,생존율,생존율,,,생존율,생존율,생존율,생존율,생존율,생존율,생존율,생존율,생존율,,,생존율,생존율,생존율,생존율,생존율,생존율,생존율,생존율,생존율,,,생존율,생존율,생존율,생존율,생존율,생존율,생존율,생존율,생존율,,,생존율,생존율,생존율,생존율,생존율,생존율,생존율,생존율,생존율
,서울시 전체,외식업/,76.1,46.2,30.1,78.1,49.6,32.9,78.7,54.4,,서울시 전체,외식업/,77.3,47.3,30.6,78,50.9,33.7,80.2,55.2,,서울시 전체,외식업/,76.6,46.9,31.1,78.7,52.4,34.8,76.6,54,,서울시 전체,외식업/,77.2,48.4,31.7,78.9,53.2,35.2,75.7,53.5,,서울시 전체,외식업/,74,43.2,30,77.8,48.6,31,79.4,48.6,,서울시 전체,외식업/,77.1,45.9,31.3,77.2,47.7,29.3,77.7,50.4,,서울시 전체,외식업/,76.8,46.4,30.8,78.3,48.5,29.7,75.2,49.7,,서울시 전체,외식업/,78.1,48.4,31,80.7,47.4,29.1,73.3,49.6,,서울시 전체,외식업/,74.6,46.4,28.9,78.3,49.9,29.7,84.3,52.1,,서울시 전체,외식업/,76,48.4,27.1,81.4,49.6,31.3,83.5,54.6,,서울시 전체,외식업/,76.2,48.2,26.5,83.3,50.1,32.3,80.9,55.4,,서울시 전체,외식업/,78.8,49.9,27.3,84.5,51.8,33.8,78.3,55.9,,서울시 전체,외식업/,79.1,46.6,30.3,79.5,49.3,33.9,83.8,56.8,,서울시 전체,외식업/,79.3,46.5,31.4,80.5,52.2,34.2,84.5,57.2,,서울시 전체,외식업/,78.9,47.8,31.4,83,54.4,34.8,81.8,55.2,,서울시 전체,외식업/,81.3,47.9,32.7,83.6,55.6,35.1,79.7,56.7,,서울시 전체,외식업/,78,43.6,33.9,78.3,51.9,35.1,85.2,50,,서울시 전체,외식업/,78.6,45.6,33,80.6,51.8,36.1,84,50,,서울시 전체,외식업/,78.2,46.6,34,82.3,51.1,35.4,81.6,50.4,,서울시 전체,외식업/,79.4,48.2,33.9,83.3,51.5,32.5,82.8,51.7,,서울시 전체,외식업/,79.5,52,39.1,80.5,51.8,40.9,81.6,54.6,,서울시 전체,외식업/,80.5,51.3,40.5,82,54.1,38.6,82.6,54.3,,서울시 전체,외식업/,82.8,50.6,40.6,79.1,53,38.5,79.8,54.8,,서울시 전체,외식업/,82.5,49.9,40.6,81.2,53,38.7,78.5,54.1,,서울시 전체,외식업/,68.4,39.5,25.8,72.8,40,23.3,72.4,39.4,,서울시 전체,외식업/,72.7,38.8,25.5,70.6,39.7,23.7,73.3,42.5,,서울시 전체,외식업/,72.6,41,24.3,71.4,39.8,23.1,70.4,41.2,,서울시 전체,외식업/,73.3,40.7,23,71.6,39.5,24.2,68.6,41.4,,서울시 전체,외식업/,65.7,34.9,21,71,41.1,21.6,65.9,42.1,,서울시 전체,외식업/,67,36.8,21.7,69.6,42,22.1,67.9,43.8,,서울시 전체,외식업/,67.9,38.3,21.3,68.7,41.6,23.1,67.7,44.7,,서울시 전체,외식업/,70.3,40.5,20.8,66,41.3,24.6,68.8,44.6,,서울시 전체,외식업/,67.9,36.9,21.3,70.8,35.4,22.1,77.7,36.5,,서울시 전체,외식업/,71.1,36.3,23.2,71.6,35.2,21.8,79.4,38.6,,서울시 전체,외식업/,71.5,34.4,22.8,74.1,36.3,21.4,77.1,40.6,,서울시 전체,외식업/,71.1,33.8,23.3,77.4,36.3,21.2,76,41.2,,서울시 전체,외식업/,75.3,44,29.9,78.9,47.8,31.7,79.9,49.3,,서울시 전체,외식업/,77.1,46.4,30.8,79.6,48.1,31.6,80.8,51.2,,서울시 전체,외식업/,78.3,46.5,31.7,80.4,48.5,32.1,79.7,51.9,,서울시 전체,외식업/,79.5,46.7,31.4,80.3,49,32.5,78.9,52.1
,,한식음식점,,,,,,,,,,,한식음식점,,,,,,,,,,,한식음식점,,,,,,,,,,,한식음식점,,,,,,,,,,,중식음식점,,,,,,,,,,,중식음식점,,,,,,,,,,,중식음식점,,,,,,,,,,,중식음식점,,,,,,,,,,,일식음식점,,,,,,,,,,,일식음식점,,,,,,,,,,,일식음식점,,,,,,,,,,,일식음식점,,,,,,,,,,,양식음식점,,,,,,,,,,,양식음식점,,,,,,,,,,,양식음식점,,,,,,,,,,,양식음식점,,,,,,,,,,,제과점,,,,,,,,,,,제과점,,,,,,,,,,,제과점,,,,,,,,,,,제과점,,,,,,,,,,,패스트푸드점,,,,,,,,,,,패스트푸드점,,,,,,,,,,,패스트푸드점,,,,,,,,,,,패스트푸드점,,,,,,,,,,,치킨전문점,,,,,,,,,,,치킨전문점,,,,,,,,,,,치킨전문점,,,,,,,,,,,치킨전문점,,,,,,,,,,,분식전문점,,,,,,,,,,,분식전문점,,,,,,,,,,,분식전문점,,,,,,,,,,,분식전문점,,,,,,,,,,,호프-간이주점,,,,,,,,,,,호프-간이주점,,,,,,,,,,,호프-간이주점,,,,,,,,,,,호프-간이주점,,,,,,,,,,,커피-음료,,,,,,,,,,,커피-음료,,,,,,,,,,,커피-음료,,,,,,,,,,,커피-음료,,,,,,,,
종로구,외식업/,82.4,56.8,36.7,87.2,51.8,40.9,85.7,61.1,45.3,종로구,외식업/,83.6,54.9,34.3,86.5,54.4,44.3,88.4,63.2,42.9,종로구,외식업/,83.7,52.5,35.4,86.5,55.4,45,85.3,62.2,40.9,종로구,외식업/,87.3,50.3,38.2,85.5,59.3,43.9,82.2,66,41.4,종로구,외식업/,64.1,42.1,44.1,82.6,46.5,32.3,95.2,41,34.2,종로구,외식업/,76.2,42.5,33.3,82.1,44.2,31.8,96.6,42.9,35,종로구,외식업/,78.3,48.9,35.1,81.8,41,25,92.6,39.1,42.2,종로구,외식업/,83.7,47.8,28.1,92,41,35.5,76.9,40.8,41.3,종로구,외식업/,80.3,41.1,36.8,76.8,54.7,29,94.4,51.3,33.9,종로구,외식업/,80.6,49.1,34.1,82.2,53.1,26.4,88.9,54.2,43.4,종로구,외식업/,78.1,48.3,30.2,86.5,56.9,26.2,85.3,54.8,41.7,종로구,외식업/,74.2,54.8,29.3,90.7,53.7,24.6,71.4,53.2,48.4,종로구,외식업/,81.6,51.9,31.6,74,60.2,43.7,85.5,58.2,34.9,종로구,외식업/,80.2,50.5,36.8,78.1,59.4,39.7,88.9,55.2,36.6,종로구,외식업/,82.2,53.9,47.6,83.1,61.1,34.6,81.3,58.9,42.2,종로구,외식업/,78.8,52.2,43.7,85.5,66.7,38.4,84.4,57.6,38.9,종로구,외식업/,78.9,53.7,30.4,87.5,62.2,40,87.1,63.2,29.3,종로구,외식업/,80.4,48.8,41.9,84.6,57.9,39.5,89.2,64.3,29.3,종로구,외식업/,83,55.3,43.2,80.5,56.4,41.5,85.7,66,36.2,종로구,외식업/,86,63.4,41.3,81.3,58.1,31.7,81.6,64,36.6,종로구,외식업/,77.6,60.4,54.8,88.9,51.3,29.6,85.4,61.2,50,종로구,외식업/,79.6,65.4,48.6,93.1,55.3,25,83.3,63,55.8,종로구,외식업/,83.3,67.9,38.2,90,56.1,27.6,73.2,60.4,62.3,종로구,외식업/,86,63.8,44,90,58.7,45,72.1,55.8,55.3,종로구,외식업/,76.7,25,28,70,45,40.6,81,50,20,종로구,외식업/,83.3,31.3,36,64.3,41.4,36.4,85,54.2,25,종로구,외식업/,87.1,36.8,34.8,72,30.8,32.4,75,61.3,26.3,종로구,외식업/,80,47.1,39.1,81.8,36.7,30,68.4,46.7,29.4,종로구,외식업/,67.3,35.8,28.3,69,42.6,22.1,74,50,24.4,종로구,외식업/,69.1,37.2,29,69.3,45.9,23.4,77.5,51.5,23,종로구,외식업/,64.8,41.2,22.6,70.5,45.8,27.5,81,50.5,30.7,종로구,외식업/,67,43.2,23.5,69,43.7,23.8,80.7,48.1,36.9,종로구,외식업/,81.3,46.6,30.1,71.8,43.1,31.6,81.1,44,28.8,종로구,외식업/,81.4,43.2,29.7,79.4,46.1,31.3,88,46.4,28,종로구,외식업/,81.4,41.1,27.2,74.6,46.7,28.1,91.4,51.2,29.5,종로구,외식업/,76.5,41.3,30.9,83.9,44.9,29.9,84.8,47.1,32.2,종로구,외식업/,79.9,52.6,33.3,76.4,50.2,42.9,81,58.6,45.3,종로구,외식업/,80.5,47.1,37.2,80,54.2,44.9,79.1,60.2,36.6,종로구,외식업/,83.2,46.5,42.3,82.8,56.7,46.6,80,57.1,35.5,종로구,외식업/,80.1,47.1,41.8,82.8,59,45.2,80.2,54.9,35.6
,한식음식점,,,,,,,,,,,한식음식점,,,,,,,,,,,한식음식점,,,,,,,,,,,한식음식점,,,,,,,,,,,중식음식점,,,,,,,,,,,중식음식점,,,,,,,,,,,중식음식점,,,,,,,,,,,중식음식점,,,,,,,,,,,일식음식점,,,,,,,,,,,일식음식점,,,,,,,,,,,일식음식점,,,,,,,,,,,일식음식점,,,,,,,,,,,양식음식점,,,,,,,,,,,양식음식점,,,,,,,,,,,양식음식점,,,,,,,,,,,양식음식점,,,,,,,,,,,제과점,,,,,,,,,,,제과점,,,,,,,,,,,제과점,,,,,,,,,,,제과점,,,,,,,,,,,패스트푸드점,,,,,,,,,,,패스트푸드점,,,,,,,,,,,패스트푸드점,,,,,,,,,,,패스트푸드점,,,,,,,,,,,치킨전문점,,,,,,,,,,,치킨전문점,,,,,,,,,,,치킨전문점,,,,,,,,,,,치킨전문점,,,,,,,,,,,분식전문점,,,,,,,,,,,분식전문점,,,,,,,,,,,분식전문점,,,,,,,,,,,분식전문점,,,,,,,,,,,호프-간이주점,,,,,,,,,,,호프-간이주점,,,,,,,,,,,호프-간이주점,,,,,,,,,,,호프-간이주점,,,,,,,,,,,커피-음료,,,,,,,,,,,커피-음료,,,,,,,,,,,커피-음료,,,,,,,,,,,커피-음료,,,,,,,,,
중구,외식업/,82.7,51.2,41.2,81.1,57.7,36.2,87.3,60.2,39.1,중구,외식업/,83.5,54.5,36.5,81.4,57.4,38.1,90.2,62,39.9,중구,외식업/,81.5,52.1,38.3,82.3,60.9,40,84.7,62.4,37.8,중구,외식업/,79.9,52.2,36,85.8,62.2,42.8,84.5,61.2,39,중구,외식업/,82.7,65.7,63.6,76.3,38.9,38.5,88.5,63.5,51.4,중구,외식업/,83.3,60,51.7,74.2,38.2,40.5,87.9,63,47.5,중구,외식업/,73.1,48.9,57.1,83.3,50,45.5,71.9,53.8,36.2,중구,외식업/,72.9,50,53.8,88.9,61,46.7,65.6,54.2,33.3,중구,외식업/,71.2,37.5,34.1,73.7,35.2,35.4,100,53.8,31.3,중구,외식업/,76.4,45,26.2,75.9,33.8,40,91.8,54.5,35,중구,외식업/,74.1,44,25.6,84.3,39.3,43.5,83.7,51.7,30,중구,외식업/,82,35.6,38.8,97.7,45.6,34.3,77.3,54.1,25.4,중구,외식업/,80,53.4,26.8,92.2,51.6,49.1,89.7,64.3,38.4,중구,외식업/,81,47.2,30.2,91.5,56.6,49.2,83.6,63.5,37.5,중구,외식업/,87.7,45.9,35.8,90.2,60.3,42.6,82.8,66.2,39.2,중구,외식업/,97.1,50,43.1,87.9,58.8,36.8,83.3,69.6,42.4,중구,외식업/,75,43.2,31.7,84.6,61.1,41.7,88,52.5,34.1,중구,외식업/,80.6,50,36.6,82.9,56.1,43.2,86.2,55.6,32.5,중구,외식업/,80.6,50,34.3,85.3,50,40.5,82.1,61.1,31,중구,외식업/,82.1,50,37.5,89.7,55.3,40,85.7,64.1,31,중구,외식업/,75.5,63,52.6,82.1,46.9,57.7,84.8,53.1,40.7,중구,외식업/,67.5,57.6,47.4,88.6,54.3,62.5,87.5,47.5,42.4,중구,외식업/,73.3,44.4,60.9,82.4,55,56,87.9,40,33.3,중구,외식업/,82.4,43.2,57.1,82.1,54.8,48.1,87.2,50,35.1,중구,외식업/,73.3,41.9,27.6,75,39.1,47.8,73.3,50,29,중구,외식업/,84.4,40,26.1,74.1,47.4,36.7,83.3,43.8,26.7,중구,외식업/,80.6,50,34.8,66.7,50,28.6,76.5,41.7,32.1,중구,외식업/,86.5,44,40.9,71.4,54.5,30.3,76.5,43.2,24,중구,외식업/,61.2,48.3,19.7,72.2,49.6,31.4,68.8,40.8,35.3,중구,외식업/,68.4,45.7,25.4,76.7,47.1,32.5,68.7,45.3,31.5,중구,외식업/,71.9,47.9,28.1,78.2,44.3,34.4,75.9,47.9,33.1,중구,외식업/,72.2,48.4,32.2,75,41.1,34.5,68.4,48.5,32.8,중구,외식업/,83.1,47.5,31.6,72.5,51.6,27.1,84.2,52.3,28.8,중구,외식업/,86.3,46.7,37.7,70.5,52.6,28.6,87.2,52.1,28.3,중구,외식업/,81.7,42.6,36,82.1,52.9,30.2,80,52.1,29.4,중구,외식업/,73.4,47.6,32,88.6,50,26.8,84.2,53.1,31.7,중구,외식업/,74.1,46.2,32.2,74,55.3,36.3,86.3,50,34.1,중구,외식업/,74.5,55.4,32.2,78.5,48.8,36.5,84.7,49.5,42.9,중구,외식업/,73.7,53.1,32.6,83.3,49,37.9,84.9,52.6,41.1,중구,외식업/,75.3,51.9,35,84.9,50.5,37.5,82.8,50.2,38.3
,한식음식점,,,,,,,,,,,한식음식점,,,,,,,,,,,한식음식점,,,,,,,,,,,한식음식점,,,,,,,,,,,중식음식점,,,,,,,,,,,중식음식점,,,,,,,,,,,중식음식점,,,,,,,,,,,중식음식점,,,,,,,,,,,일식음식점,,,,,,,,,,,일식음식점,,,,,,,,,,,일식음식점,,,,,,,,,,,일식음식점,,,,,,,,,,,양식음식점,,,,,,,,,,,양식음식점,,,,,,,,,,,양식음식점,,,,,,,,,,,양식음식점,,,,,,,,,,,제과점,,,,,,,,,,,제과점,,,,,,,,,,,제과점,,,,,,,,,,,제과점,,,,,,,,,,,패스트푸드점,,,,,,,,,,,패스트푸드점,,,,,,,,,,,패스트푸드점,,,,,,,,,,,패스트푸드점,,,,,,,,,,,치킨전문점,,,,,,,,,,,치킨전문점,,,,,,,,,,,치킨전문점,,,,,,,,,,,치킨전문점,,,,,,,,,,,분식전문점,,,,,,,,,,,분식전문점,,,,,,,,,,,분식전문점,,,,,,,,,,,분식전문점,,,,,,,,,,,호프-간이주점,,,,,,,,,,,호프-간이주점,,,,,,,,,,,호프-간이주점,,,,,,,,,,,호프-간이주점,,,,,,,,,,,커피-음료,,,,,,,,,,,커피-음료,,,,,,,,,,,커피-음료,,,,,,,,,,,커피-음료,,,,,,,,,
용산구,외식업/,79.7,51.4,39.2,85,54.4,41.1,83.2,58.8,38.5,용산구,외식업/,80.6,50,36.7,85.8,55.4,43,84.7,59.9,39.1,용산구,외식업/,77.1,50.8,38.7,85.8,59.1,40.7,86.8,58.1,39.3,용산구,외식업/,81,55.6,36.8,85,56,40.5,85.7,59.3,42.9,용산구,외식업/,85.7,61.9,40.9,77.8,57.7,36.4,86.4,71.4,47.6,용산구,외식업/,89.7,56.5,43.5,72.2,65.2,31.8,87.5,58.6,39.1,용산구,외식업/,92.9,52,37.5,83.3,65.2,40.9,84.6,53.6,32,용산구,외식업/,81.5,54.2,41.7,95.2,65.2,37.5,89.3,48.1,37.5,용산구,외식업/,81.8,40.9,41.2,86,51.7,26.1,81.4,54.5,20.5,용산구,외식업/,84.1,39.1,38.1,85.2,49.2,27.5,85,63.5,21.7,용산구,외식업/,88.1,33.9,38.6,79.6,48.5,27.9,87.1,69.5,25,용산구,외식업/,84.2,39.6,27.9,79.6,59.2,28.8,77.4,61.4,27.1,용산구,외식업/,82.9,56.6,36.2,85.6,49,31.8,86.9,62,41.2,용산구,외식업/,84.5,56.6,34.1,87,47.6,32.9,90.8,63.8,42.8,용산구,외식업/,87.1,57.2,29.5,85.6,48.9,37.3,88.1,64.7,43.4,용산구,외식업/,86.3,51.3,31.1,87.7,54.3,42,89.7,65.8,41.1,용산구,외식업/,72.7,48.9,29.7,88.9,54.8,30.9,93.3,50,26.7,용산구,외식업/,74.4,40.5,22.5,91.4,55,31,92.1,53.8,27,용산구,외식업/,77.1,55.3,22.2,94.6,42.9,30.6,89.5,57.1,42.1,용산구,외식업/,81.6,56.8,27.7,90.9,44.4,28.6,90.5,55.3,40.5,용산구,외식업/,74.3,55.6,42.3,100,54.2,34.4,80,62.9,33.3,용산구,외식업/,85.3,55,41.7,93.5,52.3,29.7,86.8,64.7,42.5,용산구,외식업/,84,52.8,45.2,81,56.3,27.8,87.2,60,44.4,용산구,외식업/,96.4,51.4,35.3,86.7,54.3,31.4,76.7,64.3,43.2,용산구,외식업/,81,39.3,36.8,65.4,58.3,19.4,80,47.6,21.4,용산구,외식업/,78.3,40,23.8,60,61.5,22.2,96.2,43.5,20,용산구,외식업/,76,31.3,17.9,65.6,70.6,25,84.2,44,18.8,용산구,외식업/,64,50,18.8,75,54.5,20.7,80,40,35.7,용산구,외식업/,61.6,32,18.4,70.1,48.1,18.2,75.9,33.7,25.4,용산구,외식업/,65.2,41.5,19.4,70.1,37,17.2,76.6,39.1,33,용산구,외식업/,64.9,43.2,17.9,72,39.4,22.7,77.1,36.5,33,용산구,외식업/,67.4,46.3,17.9,77.6,38.5,23.6,77.8,36,36.3,용산구,외식업/,66.7,37.3,39.2,76.6,43.8,26.3,86.8,35.8,22.9,용산구,외식업/,70.4,42.6,39.3,81.7,39.4,16.3,84.2,40.7,26.6,용산구,외식업/,72,39.4,32.3,84.6,40.9,14.9,84.4,46.3,25,용산구,외식업/,77.1,38.5,27.4,87.8,38.5,21.1,88.2,50.6,21.9,용산구,외식업/,81.1,51.5,29.3,82.6,50.5,31.9,81.1,52.8,36.2,용산구,외식업/,80.9,50.3,31.3,83.1,54.1,30.6,84.8,56.8,35,용산구,외식업/,80.1,53.7,39.3,81.8,55.6,26.3,82.9,58.4,35.1,용산구,외식업/,78.9,55.1,34.1,82.9,53.1,32.9,79.6,56.5,40.4
,한식음식점,,,,,,,,,,,한식음식점,,,,,,,,,,,한식음식점,,,,,,,,,,,한식음식점,,,,,,,,,,,중식음식점,,,,,,,,,,,중식음식점,,,,,,,,,,,중식음식점,,,,,,,,,,,중식음식점,,,,,,,,,,,일식음식점,,,,,,,,,,,일식음식점,,,,,,,,,,,일식음식점,,,,,,,,,,,일식음식점,,,,,,,,,,,양식음식점,,,,,,,,,,,양식음식점,,,,,,,,,,,양식음식점,,,,,,,,,,,양식음식점,,,,,,,,,,,제과점,,,,,,,,,,,제과점,,,,,,,,,,,제과점,,,,,,,,,,,제과점,,,,,,,,,,,패스트푸드점,,,,,,,,,,,패스트푸드점,,,,,,,,,,,패스트푸드점,,,,,,,,,,,패스트푸드점,,,,,,,,,,,치킨전문점,,,,,,,,,,,치킨전문점,,,,,,,,,,,치킨전문점,,,,,,,,,,,치킨전문점,,,,,,,,,,,분식전문점,,,,,,,,,,,분식전문점,,,,,,,,,,,분식전문점,,,,,,,,,,,분식전문점,,,,,,,,,,,호프-간이주점,,,,,,,,,,,호프-간이주점,,,,,,,,,,,호프-간이주점,,,,,,,,,,,호프-간이주점,,,,,,,,,,,커피-음료,,,,,,,,,,,커피-음료,,,,,,,,,,,커피-음료,,,,,,,,,,,커피-음료,,,,,,,,,
성동구,외식업/,77,51.6,28.5,80.7,53.9,34.8,76.9,51.7,39.5,성동구,외식업/,77.1,50.7,30.4,83.2,54.2,35.3,79,51,37.1,성동구,외식업/,77.7,52.6,29.2,82.6,51.9,37.7,78,54.2,39.1,성동구,외식업/,78.3,53.7,33.4,78.8,52.1,37.7,83.7,56.6,38.7,성동구,외식업/,70.4,40.7,40,81.8,56.5,28.6,81,44.4,22.2,성동구,외식업/,87,40,32,77.4,44.4,22.7,70.8,60.9,28,성동구,외식업/,90,38.1,29.2,82.8,50,32,73.3,55,33.3,성동구,외식업/,85.7,52.6,23.8,80,42.4,24.1,76.7,71.4,47.4,성동구,외식업/,65.9,40,21.1,81.4,48.8,28.6,89.2,43.9,25,성동구,외식업/,70.2,45,12.5,87.9,46.5,23.5,88.6,46.8,32.5,성동구,외식업/,69.8,55.3,21.7,87.5,46.9,21.9,94.9,45.3,40.4,성동구,외식업/,72.5,56.5,20.8,84.8,48.5,18.4,94.3,52.9,50,성동구,외식업/,82.4,45.7,29.2,84.4,56.4,29,92.6,64.7,32.6,성동구,외식업/,81.4,43.1,23.1,88,66,37.8,90.5,59.3,33.3,성동구,외식업/,78.2,42.9,14.3,88.6,68.5,47.4,90.2,54.5,32.1,성동구,외식업/,85.1,50.8,26.5,88.3,70,38.9,90.4,50.7,39,성동구,외식업/,92.1,42.1,24.1,86.1,42.9,23.1,94.9,50,31.6,성동구,외식업/,88.1,50,24.1,93.1,43.9,28.6,91.7,54.8,27.5,성동구,외식업/,82.1,52.5,21.4,94.3,35.9,30.3,87.5,59,32.5,성동구,외식업/,82.1,40.5,19.2,91.9,50,37.1,84.8,64.1,21.4,성동구,외식업/,71.1,51.3,29.4,79.5,47.2,47.1,84.2,44.7,38.5,성동구,외식업/,73.7,45,33.3,83.7,43.6,54.5,81.3,42.1,37.5,성동구,외식업/,74.4,45,43.8,71.4,41.2,44,83.3,53.5,30,성동구,외식업/,81.3,47.4,42.9,84.6,38.9,40.6,83.9,47.9,28.9,성동구,외식업/,67.4,44.7,22.9,73.7,35.3,20,80.6,39.5,36.8,성동구,외식업/,66.7,14.3,20.5,77.8,43.2,33.3,83.9,40.5,14.3,성동구,외식업/,75,25,21.1,74.3,35.1,34,78.1,37.5,21.4,성동구,외식업/,78,29,18.4,82.8,41,37.2,69.7,39,22.6,성동구,외식업/,69.5,31.9,24.2,67.1,42.4,23.3,74.7,45.1,17.4,성동구,외식업/,66.3,35.7,24.7,69.9,47.4,19.5,71,41.3,20.2,성동구,외식업/,71.2,38.2,23.3,74.5,46.9,17.7,67.1,42.5,23.6,성동구,외식업/,72.9,39.6,22.3,68.4,46.4,15.6,66.2,44.3,27.5,성동구,외식업/,67.2,43.1,14.3,77.3,36.8,25.5,82.1,41.8,29.2,성동구,외식업/,69,45.3,17.6,78.6,33.9,22.8,82.1,37.9,35.9,성동구,외식업/,66.7,41.3,21.2,85.3,35.7,26.2,63.6,43.9,31.7,성동구,외식업/,73.5,39.3,20.4,83.3,40.3,28.1,82.6,42.9,26.2,성동구,외식업/,83.7,48,36.5,76.7,55.1,36.2,77.4,50.3,31.8,성동구,외식업/,79.9,51.9,41.1,75.9,52.9,31.3,82.6,50,37,성동구,외식업/,78.7,50.6,38.8,81.5,49.7,27.7,83,50.3,39,성동구,외식업/,78.7,51.6,39.1,81.8,49.7,28.1,83.7,52.7,38.6
,한식음식점,,,,,,,,,,,한식음식점,,,,,,,,,,,한식음식점,,,,,,,,,,,한식음식점,,,,,,,,,,,중식음식점,,,,,,,,,,,중식음식점,,,,,,,,,,,중식음식점,,,,,,,,,,,중식음식점,,,,,,,,,,,일식음식점,,,,,,,,,,,일식음식점,,,,,,,,,,,일식음식점,,,,,,,,,,,일식음식점,,,,,,,,,,,양식음식점,,,,,,,,,,,양식음식점,,,,,,,,,,,양식음식점,,,,,,,,,,,양식음식점,,,,,,,,,,,제과점,,,,,,,,,,,제과점,,,,,,,,,,,제과점,,,,,,,,,,,제과점,,,,,,,,,,,패스트푸드점,,,,,,,,,,,패스트푸드점,,,,,,,,,,,패스트푸드점,,,,,,,,,,,패스트푸드점,,,,,,,,,,,치킨전문점,,,,,,,,,,,치킨전문점,,,,,,,,,,,치킨전문점,,,,,,,,,,,치킨전문점,,,,,,,,,,,분식전문점,,,,,,,,,,,분식전문점,,,,,,,,,,,분식전문점,,,,,,,,,,,분식전문점,,,,,,,,,,,호프-간이주점,,,,,,,,,,,호프-간이주점,,,,,,,,,,,호프-간이주점,,,,,,,,,,,호프-간이주점,,,,,,,,,,,커피-음료,,,,,,,,,,,커피-음료,,,,,,,,,,,커피-음료,,,,,,,,,,,커피-음료,,,,,,,,,
광진구,외식업/,76.5,48.6,32.3,77,50.7,35.6,73.1,55.3,38.8,광진구,외식업/,78.4,46.2,32.5,74.2,52,38.8,76.3,54.5,36.6,광진구,외식업/,75.9,45.8,33.1,73.3,55.1,39.1,76.5,53.9,33,광진구,외식업/,75.3,51.5,35.4,74.2,52.8,37.8,76.7,52.1,36.6,광진구,외식업/,76.6,45.8,35.7,73.1,51.9,32.7,89.7,55.3,37.5,광진구,외식업/,86.8,42,34.4,75,55.8,37,100,60.4,38,광진구,외식업/,80,45.5,24.3,86.1,60.4,39.5,96.6,48,41.8,광진구,외식업/,72.5,52.2,27.9,90,56.6,36,87.1,47.1,45.7,광진구,외식업/,79.4,41.5,23.5,82.4,59.2,31,78.8,50.8,26.8,광진구,외식업/,82.1,40.5,26.3,95,55.2,35,70.8,55.4,26.2,광진구,외식업/,77.8,40.9,27,91.5,50,33.3,72.7,59.3,36.4,광진구,외식업/,79.1,54.8,32.4,85.1,54.1,26.9,70.5,58.1,47.6,광진구,외식업/,74.5,38.6,14.3,83.7,54.7,29.8,84.8,56.9,31.8,광진구,외식업/,76.7,42.9,16.7,89.6,54,28,83,65.1,35.7,광진구,외식업/,76,42.9,16.2,84.4,62.1,33.3,84.3,54,30.6,광진구,외식업/,82.6,46,26.2,82.5,60,37.5,84.9,58.7,32,광진구,외식업/,83,42.5,30.3,81.6,48.3,37.5,82.9,45.3,30,광진구,외식업/,84.5,41.9,30.6,81.3,43.8,38.7,81.8,46.6,25.8,광진구,외식업/,76.9,48.1,31.4,90.9,34.1,29,75,50,37,광진구,외식업/,86,48.1,32.1,86.1,38.3,30.8,84.4,51.2,25.9,광진구,외식업/,71.4,61.1,20,84.8,42.9,52.2,69.7,57.1,47.2,광진구,외식업/,74.3,62.5,27.8,76.7,43.9,46.7,78.4,60,40.6,광진구,외식업/,83.3,50,36.4,64.7,50,48.4,73.5,64.3,36.8,광진구,외식업/,86.8,45.2,40.7,72.2,53.1,44.8,69.8,60.5,33.3,광진구,외식업/,78.6,27.5,26.4,68.3,50,25.9,81,45.2,23.5,광진구,외식업/,76.5,38.6,29,63.3,50,20.8,85.7,52.9,27.3,광진구,외식업/,71.7,46.2,26.1,66.7,52.3,14.9,80,48.3,35.9,광진구,외식업/,70,48.8,31,71.4,52.5,20,72.7,45,27.9,광진구,외식업/,69.2,40,17.5,66.3,35.2,16.5,59.8,43,34.3,광진구,외식업/,71.1,40.9,18.5,66.7,37,20.5,64.3,46.4,32.2,광진구,외식업/,68.9,41.1,18.9,67.4,38.7,25.2,63.7,51.1,30.4,광진구,외식업/,66.7,38.8,20.2,63.5,36.2,31.2,70.3,53.3,28.2,광진구,외식업/,65,37.6,15.3,74.4,37.1,22.9,82.1,37.5,24.8,광진구,외식업/,71.3,37.6,21,74.1,37.2,25.6,87.5,41.6,21.1,광진구,외식업/,70.7,34.5,19.7,75,40.2,24.3,79.5,40.2,20.1,광진구,외식업/,72.9,36.1,22.6,77.2,39.4,22.6,84.4,43.5,22.9,광진구,외식업/,75.4,48.5,30.3,85.4,49.3,29.9,81.1,44.1,33.3,광진구,외식업/,77.3,50,33.6,78.4,51.2,33.5,79.6,50.3,33.3,광진구,외식업/,78.6,47.3,32.9,80.6,48.6,37.2,76.4,56.5,32.6,광진구,외식업/,82.5,46.1,31,81.4,47.8,37.2,74.2,58.8,31.2
,한식음식점,,,,,,,,,,,한식음식점,,,,,,,,,,,한식음식점,,,,,,,,,,,한식음식점,,,,,,,,,,,중식음식점,,,,,,,,,,,중식음식점,,,,,,,,,,,중식음식점,,,,,,,,,,,중식음식점,,,,,,,,,,,일식음식점,,,,,,,,,,,일식음식점,,,,,,,,,,,일식음식점,,,,,,,,,,,일식음식점,,,,,,,,,,,양식음식점,,,,,,,,,,,양식음식점,,,,,,,,,,,양식음식점,,,,,,,,,,,양식음식점,,,,,,,,,,,제과점,,,,,,,,,,,제과점,,,,,,,,,,,제과점,,,,,,,,,,,제과점,,,,,,,,,,,패스트푸드점,,,,,,,,,,,패스트푸드점,,,,,,,,,,,패스트푸드점,,,,,,,,,,,패스트푸드점,,,,,,,,,,,치킨전문점,,,,,,,,,,,치킨전문점,,,,,,,,,,,치킨전문점,,,,,,,,,,,치킨전문점,,,,,,,,,,,분식전문점,,,,,,,,,,,분식전문점,,,,,,,,,,,분식전문점,,,,,,,,,,,분식전문점,,,,,,,,,,,호프-간이주점,,,,,,,,,,,호프-간이주점,,,,,,,,,,,호프-간이주점,,,,,,,,,,,호프-간이주점,,,,,,,,,,,커피-음료,,,,,,,,,,,커피-음료,,,,,,,,,,,커피-음료,,,,,,,,,,,커피-음료,,,,,,,,,
동대문구,외식업/,73.2,44.3,30.9,80.8,50.7,30.2,76.7,56,35,동대문구,외식업/,75.5,46,30.3,78.6,52.6,32.8,79.4,54.9,35.4,동대문구,외식업/,78.2,45.3,30.7,77.7,53.8,35.1,76.1,54.7,34.5,동대문구,외식업/,80,48.6,32.2,77.3,54.4,32.2,75.5,55,37.2,동대문구,외식업/,68.1,16.7,47.4,83.3,62.9,37,85.2,48.9,13.9,동대문구,외식업/,71.4,37.8,45.8,88.6,47.2,25,75.7,46.9,29.7,동대문구,외식업/,76.3,50,38.5,89.3,50,21.9,77.3,47.5,36.1,동대문구,외식업/,83.6,52.9,41.4,88.9,39.1,17.6,82.5,45.5,35.3,동대문구,외식업/,64.1,57.1,30,80.5,48.5,25.6,82.8,33.3,46.4,동대문구,외식업/,63.2,61.5,33.3,85,45.7,26.3,80,36.8,46.2,동대문구,외식업/,79.1,40,32.3,88.2,43.6,31.7,84.2,41.9,25,동대문구,외식업/,86,42.9,28.9,80,38.6,40.5,81,53.5,33.3,동대문구,외식업/,76.7,44.4,30.4,82.9,29,29,94.1,51.2,38.9,동대문구,외식업/,80.5,42.1,36,87.1,40,24.1,90,56.1,31.6,동대문구,외식업/,79.5,42.1,26.9,91.2,48.7,34.5,85,61.5,28.9,동대문구,외식업/,84.8,34.2,25,91.9,46.5,38.7,83.3,63.6,28.9,동대문구,외식업/,86.2,50,20.8,87.5,47.6,36,90.3,31,42.3,동대문구,외식업/,82.1,47.8,16.1,92.3,45,45.8,86.1,32.1,39.1,동대문구,외식업/,77.8,41.7,20,92,36.4,56.5,77.1,40.7,41.7,동대문구,외식업/,86.2,45.8,27.6,87.1,38.1,43.5,76.7,41.4,37.5,동대문구,외식업/,87.9,68.6,38.1,84.6,48.3,32.1,80.6,54.5,45.7,동대문구,외식업/,82.5,54.3,42.1,86.5,60.9,40.6,81.1,55,40,동대문구,외식업/,84.4,55.3,28.6,87.8,51.9,40.6,79.1,62.5,39.5,동대문구,외식업/,84.6,50,36,86.7,51.9,40,82.5,69.2,43.8,동대문구,외식업/,66.1,44.8,26.8,71.7,50,17.4,63.2,33.9,34.5,동대문구,외식업/,68,43.4,25.4,70.7,44.4,24.6,61.2,34,34,동대문구,외식업/,67.3,56.6,20.9,72.6,43.9,23.2,61.8,28.8,41.5,동대문구,외식업/,75,50.9,17.6,70.1,37.7,33.3,67.2,41.7,43.9,동대문구,외식업/,65.6,38.4,20.2,72.6,40,19.2,67.7,38.7,25.9,동대문구,외식업/,67.9,35.7,19,72.9,41.7,24.8,71.9,40.7,21.4,동대문구,외식업/,73.4,32.7,18.9,75.8,41.2,25.8,67.2,41.8,21.5,동대문구,외식업/,73.8,36,17.3,76.3,40.2,28.4,66.7,41.3,24.7,동대문구,외식업/,52.7,33.3,22,62.7,29.9,18,84.4,21.6,18.4,동대문구,외식업/,65.3,33,18.4,67.3,19,20,80,27.8,17.9,동대문구,외식업/,70.3,32.4,15.1,74.4,20.3,21.8,84,32.4,18.1,동대문구,외식업/,69,32.3,16.1,78.1,21.5,20.7,80.8,38,18.3,동대문구,외식업/,73,37,25.5,83.9,49.6,34.4,82.1,51.6,27.6,동대문구,외식업/,73.1,46.5,30.9,86.1,42.7,27,82,55.4,39.5,동대문구,외식업/,81,51.2,32.8,85.7,43.4,24.6,80,56.3,41.9,동대문구,외식업/,83.2,48.1,31.3,84.7,46.6,28.5,78,53.8,38
,한식음식점,,,,,,,,,,,한식음식점,,,,,,,,,,,한식음식점,,,,,,,,,,,한식음식점,,,,,,,,,,,중식음식점,,,,,,,,,,,중식음식점,,,,,,,,,,,중식음식점,,,,,,,,,,,중식음식점,,,,,,,,,,,일식음식점,,,,,,,,,,,일식음식점,,,,,,,,,,,일식음식점,,,,,,,,,,,일식음식점,,,,,,,,,,,양식음식점,,,,,,,,,,,양식음식점,,,,,,,,,,,양식음식점,,,,,,,,,,,양식음식점,,,,,,,,,,,제과점,,,,,,,,,,,제과점,,,,,,,,,,,제과점,,,,,,,,,,,제과점,,,,,,,,,,,패스트푸드점,,,,,,,,,,,패스트푸드점,,,,,,,,,,,패스트푸드점,,,,,,,,,,,패스트푸드점,,,,,,,,,,,치킨전문점,,,,,,,,,,,치킨전문점,,,,,,,,,,,치킨전문점,,,,,,,,,,,치킨전문점,,,,,,,,,,,분식전문점,,,,,,,,,,,분식전문점,,,,,,,,,,,분식전문점,,,,,,,,,,,분식전문점,,,,,,,,,,,호프-간이주점,,,,,,,,,,,호프-간이주점,,,,,,,,,,,호프-간이주점,,,,,,,,,,,호프-간이주점,,,,,,,,,,,커피-음료,,,,,,,,,,,커피-음료,,,,,,,,,,,커피-음료,,,,,,,,,,,커피-음료,,,,,,,,,
중랑구,외식업/,71,41.6,25.9,76.9,47.4,32,78.9,50.5,33.3,중랑구,외식업/,76,41.6,27.9,76,48.7,32.5,78.7,51.9,32.4,중랑구,외식업/,74.4,43.6,29.4,78,49.5,31.2,73.2,55,33.7,중랑구,외식업/,74.3,45.4,32,78.1,50.3,31.1,71.9,51.1,33.9,중랑구,외식업/,63,42.3,24.1,68.4,27.3,30.4,66.7,37,30.8,중랑구,외식업/,66.7,36,31.3,85,17.6,25,63.2,38.1,28,중랑구,외식업/,61.5,40,34.6,66.7,32.1,17.4,71.4,38.5,35,중랑구,외식업/,64.3,28.6,37.5,71.4,35.7,26.9,76,35.7,28.6,중랑구,외식업/,80.8,61.1,28,73.1,48,28.6,81.3,61.5,61.1,중랑구,외식업/,80.8,64.3,26.7,68,42.3,42.4,87.5,65.4,64.3,중랑구,외식업/,69.2,50,28.6,70.8,57.1,45.2,82.8,46.2,43.8,중랑구,외식업/,57.1,50,18.2,81,60,57.7,78.1,38.1,40,중랑구,외식업/,70.6,50,33.3,90,36.8,42.9,100,41.2,44.4,중랑구,외식업/,80,45.8,46.2,94.4,30.8,33.3,90.3,55,41.7,중랑구,외식업/,83.3,40.9,33.3,95.2,30.8,44.4,90.9,55.6,36.4,중랑구,외식업/,75,45.5,33.3,100,50,40,84.6,37.5,36.4,중랑구,외식업/,71.4,38.7,34.8,69.4,55,37.5,77.1,46.4,22.6,중랑구,외식업/,65.7,34.6,35,72.4,54.2,47.8,77.4,42.9,23.1,중랑구,외식업/,75.7,40.9,50,73.3,48.1,39.3,74.1,40.5,27.3,중랑구,외식업/,64.7,34.8,40,72.7,57.6,37,78.3,35.3,21.7,중랑구,외식업/,83.3,60,40,81.3,39.1,25,80.6,56.7,48,중랑구,외식업/,84.4,54.8,50,79.3,45,21.4,76.9,59.4,41.9,중랑구,외식업/,86.7,51.7,44.4,83.3,58.3,26.3,84.6,53.3,37.9,중랑구,외식업/,86.2,50,31.3,84.8,48.4,37.5,82.9,65.5,29.2,중랑구,외식업/,64.9,33.9,15.7,76.7,31.1,14.5,77.3,28.1,23.7,중랑구,외식업/,67.7,33.3,18.5,77.6,27.9,17.1,80.3,37.1,21.7,중랑구,외식업/,66.1,32.1,17.2,76.8,32.6,14.3,79.2,32.1,26.4,중랑구,외식업/,75,31.3,15.7,77.6,30.9,18.5,64.7,43.3,27.1,중랑구,외식업/,68.7,30.3,21.2,62.5,40.7,26.3,65.9,37.3,19.2,중랑구,외식업/,70.3,32.6,20.9,59.2,40,26.2,71.6,40.5,21.3,중랑구,외식업/,63.8,31.6,24.1,63.3,42.9,23.9,73.8,37.5,21.1,중랑구,외식업/,59.7,36,22.8,64.8,34.2,27,76.7,32.5,29.1,중랑구,외식업/,63.8,28.4,17.1,61.4,35.9,20.1,66,33.9,10.1,중랑구,외식업/,63,29.9,17.8,60.3,32.8,18.2,64.4,35.3,16.2,중랑구,외식업/,61.5,32.8,17.5,65.6,32.5,15.7,64.1,34.9,19.2,중랑구,외식업/,62.4,31.7,18.4,62,33.1,14.6,69.2,34.7,19.8,중랑구,외식업/,78.5,39.4,26.9,74,46,26.4,75.9,46.7,26.6,중랑구,외식업/,82.1,39.5,24,75.2,46.1,30.7,75.8,53,27.9,중랑구,외식업/,79.8,45.7,23.8,74.1,41.1,30.3,77.9,53.2,29.8,중랑구,외식업/,74.8,49.5,24.1,74.8,41.3,29,79.5,49.6,33
,한식음식점,,,,,,,,,,,한식음식점,,,,,,,,,,,한식음식점,,,,,,,,,,,한식음식점,,,,,,,,,,,중식음식점,,,,,,,,,,,중식음식점,,,,,,,,,,,중식음식점,,,,,,,,,,,중식음식점,,,,,,,,,,,일식음식점,,,,,,,,,,,일식음식점,,,,,,,,,,,일식음식점,,,,,,,,,,,일식음식점,,,,,,,,,,,양식음식점,,,,,,,,,,,양식음식점,,,,,,,,,,,양식음식점,,,,,,,,,,,양식음식점,,,,,,,,,,,제과점,,,,,,,,,,,제과점,,,,,,,,,,,제과점,,,,,,,,,,,제과점,,,,,,,,,,,패스트푸드점,,,,,,,,,,,패스트푸드점,,,,,,,,,,,패스트푸드점,,,,,,,,,,,패스트푸드점,,,,,,,,,,,치킨전문점,,,,,,,,,,,치킨전문점,,,,,,,,,,,치킨전문점,,,,,,,,,,,치킨전문점,,,,,,,,,,,분식전문점,,,,,,,,,,,분식전문점,,,,,,,,,,,분식전문점,,,,,,,,,,,분식전문점,,,,,,,,,,,호프-간이주점,,,,,,,,,,,호프-간이주점,,,,,,,,,,,호프-간이주점,,,,,,,,,,,호프-간이주점,,,,,,,,,,,커피-음료,,,,,,,,,,,커피-음료,,,,,,,,,,,커피-음료,,,,,,,,,,,커피-음료,,,,,,,,,
성북구,외식업/,77,47.9,32.2,81.9,50,34.3,83.7,57.7,36.9,성북구,외식업/,79.1,50.6,31.2,83.2,52.1,33.5,85.8,60.3,39.8,성북구,외식업/,79.5,47.5,30.8,82.7,58,35.8,79.9,60.6,37.9,성북구,외식업/,79.5,50.3,31.9,85.4,58.8,34.2,80.1,59.9,40,성북구,외식업/,81.1,33.3,42.1,93.3,61.1,36.8,93.8,51.4,25,성북구,외식업/,80.5,43.5,43.5,92.1,54.5,20,90.9,56.1,30.4,성북구,외식업/,83.7,52.9,35,90,34.8,25,82.1,61.2,47.1,성북구,외식업/,91.7,57.9,40,93.8,48.5,20,71.4,62.5,47.4,성북구,외식업/,80,41.3,16.7,81.5,46.7,23.1,73.1,53.3,30.4,성북구,외식업/,80.5,40.5,22.6,87.5,47.8,22.5,80,53.7,35.7,성북구,외식업/,82.1,40.4,22.6,95.7,51.3,23.4,74.3,53.8,34,성북구,외식업/,86.7,46.9,23.5,69.6,47.6,26.1,78.9,63.3,40.8,성북구,외식업/,89.7,51.1,23.1,90.6,49,28.1,85.7,56.4,46.7,성북구,외식업/,94.9,56.5,14.8,87.5,50.9,32.3,83.9,66.7,47.8,성북구,외식업/,91.1,53.7,18.2,90.7,52.2,35.5,77.1,62.2,38.9,성북구,외식업/,92.2,54.5,25,84.8,59.1,39.4,78,60.8,40,성북구,외식업/,80.6,35.3,47.8,73.3,43.9,25.9,85.7,61.1,23.5,성북구,외식업/,81.1,35.9,50,78.6,44.1,25,85.7,62.2,20.5,성북구,외식업/,75,37.2,40.7,94.7,55.6,14.3,87.8,50,20.9,성북구,외식업/,78.4,41.9,31,85,58.3,12.5,89.2,51.4,30.2,성북구,외식업/,83.9,63.6,56,87.5,48.5,50,78.7,58.1,40.9,성북구,외식업/,90.6,64.3,47.1,91.7,46.4,53.8,82.1,62.5,39.3,성북구,외식업/,87.9,60,54.5,86.1,44.4,42.3,77.2,60.6,36.7,성북구,외식업/,91.2,53.3,58.1,81,51.9,44,70.9,58.8,30,성북구,외식업/,65.1,48.8,36.6,72.5,37.8,26.8,72.5,30.2,26.8,성북구,외식업/,62,46.9,34.7,76.1,42.5,21.7,71.4,36,26.5,성북구,외식업/,64.4,42.6,33.9,76.5,41,23.1,71.4,31.1,24.1,성북구,외식업/,63.8,41.9,29.3,78.8,34.8,27.3,77.8,42.6,27.9,성북구,외식업/,67.6,31.4,23.6,74.7,46.2,24.5,70.5,43.1,24.8,성북구,외식업/,69.1,41,21.5,71.3,45.4,24,71.3,48.9,30,성북구,외식업/,71.1,42.2,23.8,70.3,44.2,20.4,73.6,57.8,29.4,성북구,외식업/,73.2,47,20.4,69.2,39.8,22.1,78.8,52.4,34,성북구,외식업/,75,35.5,26.7,72.9,37.5,20,77.1,44.2,19.6,성북구,외식업/,82,30.9,23.8,73.8,35.3,19.8,79.4,47.5,14.4,성북구,외식업/,81,34.3,24.5,75,35.1,17.5,70.8,46.6,18.1,성북구,외식업/,77.6,35.5,23.4,72.1,36.7,15.6,68.4,48.3,17.8,성북구,외식업/,73.9,39.7,31.1,87.9,51.7,30.1,84.6,51.4,28.7,성북구,외식업/,78.7,40.8,30.7,85.8,51.2,31.4,89.3,60,32.8,성북구,외식업/,81.5,43.4,27.2,87,50,33.9,86.5,62.3,34.6,성북구,외식업/,84.1,46.7,31.8,81.4,52.2,29,81.8,62.9,34.2
,한식음식점,,,,,,,,,,,한식음식점,,,,,,,,,,,한식음식점,,,,,,,,,,,한식음식점,,,,,,,,,,,중식음식점,,,,,,,,,,,중식음식점,,,,,,,,,,,중식음식점,,,,,,,,,,,중식음식점,,,,,,,,,,,일식음식점,,,,,,,,,,,일식음식점,,,,,,,,,,,일식음식점,,,,,,,,,,,일식음식점,,,,,,,,,,,양식음식점,,,,,,,,,,,양식음식점,,,,,,,,,,,양식음식점,,,,,,,,,,,양식음식점,,,,,,,,,,,제과점,,,,,,,,,,,제과점,,,,,,,,,,,제과점,,,,,,,,,,,제과점,,,,,,,,,,,패스트푸드점,,,,,,,,,,,패스트푸드점,,,,,,,,,,,패스트푸드점,,,,,,,,,,,패스트푸드점,,,,,,,,,,,치킨전문점,,,,,,,,,,,치킨전문점,,,,,,,,,,,치킨전문점,,,,,,,,,,,치킨전문점,,,,,,,,,,,분식전문점,,,,,,,,,,,분식전문점,,,,,,,,,,,분식전문점,,,,,,,,,,,분식전문점,,,,,,,,,,,호프-간이주점,,,,,,,,,,,호프-간이주점,,,,,,,,,,,호프-간이주점,,,,,,,,,,,호프-간이주점,,,,,,,,,,,커피-음료,,,,,,,,,,,커피-음료,,,,,,,,,,,커피-음료,,,,,,,,,,,커피-음료,,,,,,,,,
강북구,외식업/,72,43.3,28.1,77.7,46.4,27.7,74.3,49.2,32.3,강북구,외식업/,75.7,44.2,27.9,77.7,47.3,28.9,76.7,51.5,34.5,강북구,외식업/,72.8,45.4,28.3,75.6,47.7,29.1,75.2,50.1,35.3,강북구,외식업/,75.8,45.6,28,74.6,49.8,30.3,72.7,50.1,36.5,강북구,외식업/,75.9,36.4,20,71.4,32.1,20,69.2,51.7,22.7,강북구,외식업/,82.8,33.3,28.6,71.4,26.7,20,64,62.1,28.6,강북구,외식업/,75,33.3,30,70.4,37.5,15.8,60.9,64.3,25.9,강북구,외식업/,74.2,38.5,25,73.9,39.4,10.5,72,41.9,34.6,강북구,외식업/,82.1,42.4,16.1,83.9,50,25,77.8,53.6,24.2,강북구,외식업/,73.5,45.9,15.4,100,61.5,26.5,78.6,44.1,27,강북구,외식업/,72.2,48.7,17.2,94.1,60.9,21.9,71.4,44.4,35.9,강북구,외식업/,86.1,47.2,20.7,78.6,56,28.1,73.3,58.3,33.3,강북구,외식업/,86.7,11.8,26.7,72.2,52.6,21.4,70.4,66.7,5.9,강북구,외식업/,100,12.5,40,75,38.9,17.6,69.7,71.4,12.5,강북구,외식업/,76.9,25,42.9,68.4,57.9,6.3,70.3,69.2,25,강북구,외식업/,92.3,25,30.8,61.5,60,6.7,74.3,76.9,25,강북구,외식업/,80.8,54.5,37.5,85.7,45.5,23.5,83.3,46.2,31.8,강북구,외식업/,85,56.5,38.5,85,38.5,23.1,91.3,45,39.1,강북구,외식업/,77.3,56.5,25,87,38.1,47.1,94.7,45.5,26.1,강북구,외식업/,94.4,50,33.3,81.8,44,36.4,90,66.7,25,강북구,외식업/,87.1,45.5,33.3,83.3,60.9,43.5,77.1,54.8,31.8,강북구,외식업/,82.1,52.4,27.8,92,66.7,38.1,78.1,57.1,33.3,강북구,외식업/,87.5,68.2,35.3,83.3,63.6,26.1,75.6,58.3,45.5,강북구,외식업/,80,65.4,40.9,81.8,57.7,31.6,75.6,60,46.2,강북구,외식업/,55.9,32.7,28.9,73,39.1,19.6,64.4,35.6,25,강북구,외식업/,71.4,36.4,16.3,67.2,31.7,21.3,59.5,42.9,31.8,강북구,외식업/,75,41.5,22.2,56.9,31.3,23.4,63.2,42.3,34.1,강북구,외식업/,75.4,40,20,57.4,36.9,23.4,57.1,40.4,32.5,강북구,외식업/,59.1,32.3,18.7,60.3,46.7,26.1,60,37.9,25.8,강북구,외식업/,62.5,35.8,21.8,61.2,40.5,27.4,62.9,42.2,28.4,강북구,외식업/,61.5,36.5,23,60.3,41.1,26.2,66.2,36.9,30.2,강북구,외식업/,66.1,41.5,22.7,57.3,32.9,27.6,72.4,42.4,36.2,강북구,외식업/,61.5,30.7,15.8,68.3,22.9,12.1,71.1,34.2,18.6,강북구,외식업/,69,31.3,20.7,64.6,19.8,9.4,71.1,32.8,22.7,강북구,외식업/,72.4,29.2,18.5,69.4,26.8,13.6,70.6,32.4,18.1,강북구,외식업/,69.9,28.3,15.8,74.5,31.4,14.1,66.7,31.1,19.3,강북구,외식업/,76,39.8,37.3,79,42.1,33.3,78,45.2,23.7,강북구,외식업/,75.2,39.4,38.8,82.7,41.3,27.6,80.4,47.5,19.1,강북구,외식업/,74.1,37,40.9,77.6,47.8,32.1,83.8,50,22.2,강북구,외식업/,80.7,36.7,35.2,77.1,44.8,29.1,80.6,55,24.8
,한식음식점,,,,,,,,,,,한식음식점,,,,,,,,,,,한식음식점,,,,,,,,,,,한식음식점,,,,,,,,,,,중식음식점,,,,,,,,,,,중식음식점,,,,,,,,,,,중식음식점,,,,,,,,,,,중식음식점,,,,,,,,,,,일식음식점,,,,,,,,,,,일식음식점,,,,,,,,,,,일식음식점,,,,,,,,,,,일식음식점,,,,,,,,,,,양식음식점,,,,,,,,,,,양식음식점,,,,,,,,,,,양식음식점,,,,,,,,,,,양식음식점,,,,,,,,,,,제과점,,,,,,,,,,,제과점,,,,,,,,,,,제과점,,,,,,,,,,,제과점,,,,,,,,,,,패스트푸드점,,,,,,,,,,,패스트푸드점,,,,,,,,,,,패스트푸드점,,,,,,,,,,,패스트푸드점,,,,,,,,,,,치킨전문점,,,,,,,,,,,치킨전문점,,,,,,,,,,,치킨전문점,,,,,,,,,,,치킨전문점,,,,,,,,,,,분식전문점,,,,,,,,,,,분식전문점,,,,,,,,,,,분식전문점,,,,,,,,,,,분식전문점,,,,,,,,,,,호프-간이주점,,,,,,,,,,,호프-간이주점,,,,,,,,,,,호프-간이주점,,,,,,,,,,,호프-간이주점,,,,,,,,,,,커피-음료,,,,,,,,,,,커피-음료,,,,,,,,,,,커피-음료,,,,,,,,,,,커피-음료,,,,,,,,,
도봉구,외식업/,77.8,51.1,33.3,79.3,37.8,29,80.3,55.6,40.4,도봉구,외식업/,80.5,48.5,32.5,80.9,42.5,29.4,79.6,55.3,39.3,도봉구,외식업/,80.8,45.7,32.5,83.8,43.7,30.6,75.7,53.7,35.9,도봉구,외식업/,79.2,42.3,30.7,82.7,50.4,36.6,73.9,54.1,33.7,도봉구,외식업/,77.8,45.8,27.3,81.3,66.7,28.6,100,44.4,41.7,도봉구,외식업/,90,45.5,33.3,69.2,70.6,33.3,90.5,70,31.8,도봉구,외식업/,93.3,50,37.5,91.7,61.5,33.3,81,60,37.5,도봉구,외식업/,88.2,57.9,28,100,40,39.3,75,58.8,36.8,도봉구,외식업/,90.5,38.9,23.5,85.7,39.1,28.6,75,57.1,27.8,도봉구,외식업/,90.5,37.5,15.8,80,40,22.7,75,57.1,37.5,도봉구,외식업/,88.9,26.7,21.1,75,55.6,26.9,73.5,55.6,13.3,도봉구,외식업/,86.7,40,20,71.4,59.1,25,72.4,53.3,30,도봉구,외식업/,56.3,52.2,25,95.7,66.7,33.3,81.3,31.3,34.8,도봉구,외식업/,75,42.9,18.8,95,58.8,56.3,95,37.5,23.8,도봉구,외식업/,80,40.9,27.8,85,57.1,75,86.7,50,18.2,도봉구,외식업/,100,41.2,27.8,82.4,42.1,56.3,71.4,73.9,17.6,도봉구,외식업/,65.2,55.6,25,68.2,46.2,42.9,77.8,34.8,27.8,도봉구,외식업/,62.5,56.3,11.1,70.6,50,47.8,79.2,29.2,18.8,도봉구,외식업/,62.5,50,23.5,73.7,47.4,45.5,88.5,29.2,10,도봉구,외식업/,65.4,50,36.8,66.7,40,36.4,85.2,38.5,30,도봉구,외식업/,84.2,66.7,25,70.8,81.8,44.4,75,68.4,38.9,도봉구,외식업/,94.4,68.8,40,70.8,66.7,40,79.2,77.8,43.8,도봉구,외식업/,93.8,66.7,44.4,60,72.2,31.3,81,68.8,53.3,도봉구,외식업/,76,72.7,45,63.2,72.2,38.9,75,56,63.6,도봉구,외식업/,60.4,36,32.4,75.5,55.3,20,75.5,33.3,22,도봉구,외식업/,65.3,39,30.2,73.9,46.2,21.4,70.6,46.9,22,도봉구,외식업/,61.1,45.7,27.9,78,45,19.6,68.9,44.4,22.9,도봉구,외식업/,69.6,46.9,19.1,77.6,31.8,24.1,67.6,51.8,37.5,도봉구,외식업/,70,31.3,14.9,68.3,41.1,25.3,71.4,51.7,27.7,도봉구,외식업/,75,32.9,16.7,61.7,39.7,28.4,74.6,50,27.6,도봉구,외식업/,73.4,32.4,19.2,63.6,45.5,29.5,74.6,46.9,23.9,도봉구,외식업/,75.4,37.3,22.4,57.9,54,25,74.6,38.6,22,도봉구,외식업/,65.7,36.8,12.5,50,32.3,26.6,90.9,41.8,19.3,도봉구,외식업/,66.7,37.9,17.4,61.3,36.2,30,84,44.4,20.7,도봉구,외식업/,63.6,34.9,23.9,63.3,28.3,22.2,81.5,47.7,23.8,도봉구,외식업/,51.3,31.1,28,84,34.9,19.4,76.9,41,19.7,도봉구,외식업/,64,44,23.4,82.9,46.9,39.5,88.2,40,29.3,도봉구,외식업/,69.6,47.4,34.4,82.2,42.1,38,87,41.8,32.9,도봉구,외식업/,75.6,44.2,36.8,84.5,46.4,31.3,77.2,45.1,27.3,도봉구,외식업/,81.5,49.3,35.1,87.7,43.7,31,79,44.4,34.2
,한식음식점,,,,,,,,,,,한식음식점,,,,,,,,,,,한식음식점,,,,,,,,,,,한식음식점,,,,,,,,,,,중식음식점,,,,,,,,,,,중식음식점,,,,,,,,,,,중식음식점,,,,,,,,,,,중식음식점,,,,,,,,,,,일식음식점,,,,,,,,,,,일식음식점,,,,,,,,,,,일식음식점,,,,,,,,,,,일식음식점,,,,,,,,,,,양식음식점,,,,,,,,,,,양식음식점,,,,,,,,,,,양식음식점,,,,,,,,,,,양식음식점,,,,,,,,,,,제과점,,,,,,,,,,,제과점,,,,,,,,,,,제과점,,,,,,,,,,,제과점,,,,,,,,,,,패스트푸드점,,,,,,,,,,,패스트푸드점,,,,,,,,,,,패스트푸드점,,,,,,,,,,,패스트푸드점,,,,,,,,,,,치킨전문점,,,,,,,,,,,치킨전문점,,,,,,,,,,,치킨전문점,,,,,,,,,,,치킨전문점,,,,,,,,,,,분식전문점,,,,,,,,,,,분식전문점,,,,,,,,,,,분식전문점,,,,,,,,,,,분식전문점,,,,,,,,,,,호프-간이주점,,,,,,,,,,,호프-간이주점,,,,,,,,,,,호프-간이주점,,,,,,,,,,,호프-간이주점,,,,,,,,,,,커피-음료,,,,,,,,,,,커피-음료,,,,,,,,,,,커피-음료,,,,,,,,,,,커피-음료,,,,,,,,,
노원구,외식업/,73.8,50.3,30.2,80.2,53.6,31.8,77.1,52.1,39.7,노원구,외식업/,77.9,51.8,30.8,75.6,52.1,31.6,79.8,56.8,41.8,노원구,외식업/,79.4,51.3,32.7,76.4,51.8,34.9,71.7,55.9,42.4,노원구,외식업/,79.9,53.4,31.8,76.1,52.9,36.8,71.6,51.9,42.6,노원구,외식업/,77.8,39.1,26.7,86.1,63.2,28.6,94.4,61.1,30.4,노원구,외식업/,88,43.5,30,92.3,60.9,27.3,88.9,48,34.8,노원구,외식업/,90.9,40.9,31.8,88.5,66.7,30.4,76.7,45.5,36.4,노원구,외식업/,87.5,55.6,30.4,94.7,63.6,29.6,71,53.1,50,노원구,외식업/,65.1,50,24,75.7,34.1,25,82.9,44.2,39.5,노원구,외식업/,65.1,42.6,26.9,82.9,43.9,32.4,91.2,41.9,31.9,노원구,외식업/,64.1,37.8,24.2,79.4,48.9,40.6,85.7,41,28.9,노원구,외식업/,77.8,35.6,28.1,84.8,44.7,47.1,68.4,50,24.4,노원구,외식업/,69,50,23.1,82.1,50,34.8,79.4,55.2,40,노원구,외식업/,76.2,36.4,40,85.4,55,37,87.8,52.4,27.3,노원구,외식업/,87.5,48.5,42.9,79.3,48.5,38.1,85.1,62.5,45.5,노원구,외식업/,86.5,50,40.7,71.4,46.9,38.5,85.1,67.6,46.7,노원구,외식업/,77.1,41.5,34.9,71.4,45.5,50,90,57.1,34.1,노원구,외식업/,75,48.6,36.6,69,45.2,47.1,87.5,50,35.1,노원구,외식업/,77.5,45,38.9,80,52.9,46.9,81.3,42.5,35,노원구,외식업/,77.6,47.4,40,83.9,55.9,40.6,81.6,44.9,34.2,노원구,외식업/,75.6,44.2,30.6,67.9,57.5,29,84.1,46.7,34.9,노원구,외식업/,72.9,46.5,38.7,80.8,60.5,32.4,88.7,39.6,30.2,노원구,외식업/,73.7,48.9,37.9,84.4,54.1,40,82.5,39.5,31.9,노원구,외식업/,71.9,55,34.4,82.9,51.1,34.9,77.8,43.8,32.5,노원구,외식업/,64.1,35.9,30.6,75.9,31.5,20,73.8,40.6,21.9,노원구,외식업/,72.6,29.3,26.3,72,36.2,18.4,79.3,46.6,20.7,노원구,외식업/,76.9,27.1,20.6,70.6,35.6,25.4,66.7,47.4,22,노원구,외식업/,76.5,30.4,24.6,75.4,39,19.7,64.6,44.7,19.6,노원구,외식업/,69.5,35.5,16.7,72,44.6,20,62.9,47.6,29.1,노원구,외식업/,76,36.8,17.5,70.3,46.4,20.6,58.5,52.1,29.1,노원구,외식업/,72.5,40.5,18.7,65.6,49.1,22.6,57.6,52.7,30.2,노원구,외식업/,76.2,45,17.7,62.2,46.8,22.8,63.2,51.5,34.9,노원구,외식업/,66.7,42.5,28.9,72.9,31.7,29.4,80,39.4,24.1,노원구,외식업/,72.6,42.5,26.9,62.9,33.8,27.1,76.2,41.9,28.7,노원구,외식업/,78.8,35.2,30.9,53.1,37.3,25,79.2,50,18.2,노원구,외식업/,75,32.2,30,72.7,35.7,24.7,76.9,40.4,20.7,노원구,외식업/,75.9,43.2,28.3,80.1,38.9,33.8,86,48.7,31.4,노원구,외식업/,75.3,46.3,29,77,37,32.6,88.3,53.9,33.3,노원구,외식업/,79.5,46,28,76.3,40.2,27.8,84.9,53,29.5,노원구,외식업/,83.1,43.5,32.8,78.1,43.2,29.7,83.1,53,23.4
,한식음식점,,,,,,,,,,,한식음식점,,,,,,,,,,,한식음식점,,,,,,,,,,,한식음식점,,,,,,,,,,,중식음식점,,,,,,,,,,,중식음식점,,,,,,,,,,,중식음식점,,,,,,,,,,,중식음식점,,,,,,,,,,,일식음식점,,,,,,,,,,,일식음식점,,,,,,,,,,,일식음식점,,,,,,,,,,,일식음식점,,,,,,,,,,,양식음식점,,,,,,,,,,,양식음식점,,,,,,,,,,,양식음식점,,,,,,,,,,,양식음식점,,,,,,,,,,,제과점,,,,,,,,,,,제과점,,,,,,,,,,,제과점,,,,,,,,,,,제과점,,,,,,,,,,,패스트푸드점,,,,,,,,,,,패스트푸드점,,,,,,,,,,,패스트푸드점,,,,,,,,,,,패스트푸드점,,,,,,,,,,,치킨전문점,,,,,,,,,,,치킨전문점,,,,,,,,,,,치킨전문점,,,,,,,,,,,치킨전문점,,,,,,,,,,,분식전문점,,,,,,,,,,,분식전문점,,,,,,,,,,,분식전문점,,,,,,,,,,,분식전문점,,,,,,,,,,,호프-간이주점,,,,,,,,,,,호프-간이주점,,,,,,,,,,,호프-간이주점,,,,,,,,,,,호프-간이주점,,,,,,,,,,,커피-음료,,,,,,,,,,,커피-음료,,,,,,,,,,,커피-음료,,,,,,,,,,,커피-음료,,,,,,,,,
은평구,외식업/,78.9,46.7,26.9,75.9,45.4,30.6,79.2,56.3,34.1,은평구,외식업/,77.6,49.3,27.8,76.1,49.5,28.9,81.5,54.7,36.1,은평구,외식업/,76.1,46.7,27.3,76.2,51.5,31.3,77.1,54.8,34.5,은평구,외식업/,78.7,45.5,27.3,77.2,53.1,35,72.6,53.5,33.7,은평구,외식업/,66.7,48.1,36.8,81.3,55.2,44,66.7,45.8,33.3,은평구,외식업/,60.9,46.7,47.8,62.5,65.5,31.8,79.1,30.4,36.7,은평구,외식업/,60,47.1,43.5,62.9,68,33.3,78.9,28,35.3,은평구,외식업/,79.3,53.3,50,62.9,47.8,25.9,61.1,48.3,36.7,은평구,외식업/,77.1,35,28.6,71.9,51.4,26.8,90,56.3,25,은평구,외식업/,77.3,35.7,22.2,67.9,58.3,28.2,82.5,54.5,26.2,은평구,외식업/,72.1,46.2,26.7,80,55,22,81.8,51.2,33.3,은평구,외식업/,78.4,42.9,24.3,84.6,53.3,27.5,82.6,48.6,28.6,은평구,외식업/,76.7,54.2,23.5,75,28.6,23.8,75.7,63.3,41.7,은평구,외식업/,81.8,55.6,31.3,74.3,35.3,25,81.8,54.5,44.4,은평구,외식업/,79.3,53.6,33.3,78.4,57.1,22.7,81.4,48.3,35.7,은평구,외식업/,78.8,34.8,27.8,75.8,65.5,37.9,80.9,54.5,26.1,은평구,외식업/,77.8,53.7,37.9,76.2,50,25.8,89.7,55.6,46.3,은평구,외식업/,78,50,38.2,82.4,57.6,36.7,92.1,43.9,44.4,은평구,외식업/,80.9,46,31.6,71.4,62.5,42.9,91.7,57.4,36,은평구,외식업/,77.6,47.5,25,84.6,60,43.5,87.8,53.1,37.5,은평구,외식업/,78.4,50,29.6,74.3,48.6,35.9,81,54.1,39.5,은평구,외식업/,86.2,47.6,36.4,67.6,51.2,37.5,78,51.7,35.7,은평구,외식업/,84.8,46.8,28.1,66.7,52.4,48.1,83,45.5,36.2,은평구,외식업/,81.3,42.9,34.2,76.9,54.8,41.9,76,50,35.7,은평구,외식업/,50,43.1,18.2,68.9,46.3,16.1,70.4,24.3,24.6,은평구,외식업/,58.6,50,16.3,70.5,38.2,17.5,68.8,24.3,30.6,은평구,외식업/,60.8,52.3,21.3,66.7,40.7,14.8,69.4,21.6,32.3,은평구,외식업/,63.2,54.2,16.1,64,26.7,19.4,71.6,26.3,39,은평구,외식업/,64.1,35.9,20.2,68.2,40.9,21.7,67,39.8,26.7,은평구,외식업/,64.1,35.3,21.3,69.5,41.7,19.6,71,37.9,29.3,은평구,외식업/,67.3,36,25,67.9,40.6,17.8,71,43,30.9,은평구,외식업/,67.6,38,24,68.1,43.8,21.4,69.8,37.3,30.7,은평구,외식업/,68,28.8,22.6,72.9,29.2,21.7,73.8,36,12.8,은평구,외식업/,68.3,31,21.6,78.8,31.1,17.9,82.9,37.6,17.8,은평구,외식업/,67,28.5,22.4,78.2,36.1,16,85.7,41.8,17.5,은평구,외식업/,67.7,24.6,25.4,75.4,34.4,12.9,84,48.4,14.6,은평구,외식업/,69.3,44.7,25.3,84.9,42.6,30.4,79.5,41.7,34.1,은평구,외식업/,75.3,46,30.7,82.4,46.1,26.1,80.5,48,33.1,은평구,외식업/,82.2,47.3,34.7,77.7,43.8,29.7,73.2,51.1,32.8,은평구,외식업/,85.1,45,32.2,80.7,44.4,34.7,77.4,51.8,28.7
,한식음식점,,,,,,,,,,,한식음식점,,,,,,,,,,,한식음식점,,,,,,,,,,,한식음식점,,,,,,,,,,,중식음식점,,,,,,,,,,,중식음식점,,,,,,,,,,,중식음식점,,,,,,,,,,,중식음식점,,,,,,,,,,,일식음식점,,,,,,,,,,,일식음식점,,,,,,,,,,,일식음식점,,,,,,,,,,,일식음식점,,,,,,,,,,,양식음식점,,,,,,,,,,,양식음식점,,,,,,,,,,,양식음식점,,,,,,,,,,,양식음식점,,,,,,,,,,,제과점,,,,,,,,,,,제과점,,,,,,,,,,,제과점,,,,,,,,,,,제과점,,,,,,,,,,,패스트푸드점,,,,,,,,,,,패스트푸드점,,,,,,,,,,,패스트푸드점,,,,,,,,,,,패스트푸드점,,,,,,,,,,,치킨전문점,,,,,,,,,,,치킨전문점,,,,,,,,,,,치킨전문점,,,,,,,,,,,치킨전문점,,,,,,,,,,,분식전문점,,,,,,,,,,,분식전문점,,,,,,,,,,,분식전문점,,,,,,,,,,,분식전문점,,,,,,,,,,,호프-간이주점,,,,,,,,,,,호프-간이주점,,,,,,,,,,,호프-간이주점,,,,,,,,,,,호프-간이주점,,,,,,,,,,,커피-음료,,,,,,,,,,,커피-음료,,,,,,,,,,,커피-음료,,,,,,,,,,,커피-음료,,,,,,,,,
서대문구,외식업/,76.4,49.8,37.2,78.1,52.3,38.4,83.1,55.6,40.3,서대문구,외식업/,76.2,53,41.2,78.6,56.2,35,83.5,54.9,42.1,서대문구,외식업/,78.4,54.3,37.7,83.3,53.5,38.6,81.3,50.7,43.4,서대문구,외식업/,79.2,54.7,38.3,82.9,54,37.6,78.7,50.9,44.2,서대문구,외식업/,77.4,55.6,42.3,68.1,42.3,36.4,84.6,48.4,40.7,서대문구,외식업/,78,48.1,33.3,66.7,50,38.2,86.2,48.8,37,서대문구,외식업/,76.5,45.5,35.5,68,46.2,40.6,84.4,45.1,40.9,서대문구,외식업/,79.6,44,36.4,85,45.2,38.5,85.3,42.9,36,서대문구,외식업/,75.6,43.8,32,85.3,45.9,35.3,90.5,57.8,33.3,서대문구,외식업/,85,32.6,33.3,88.2,52.6,36.6,74.1,62.5,25.6,서대문구,외식업/,89.7,40.4,32,81.5,55.9,34.7,72.2,64.1,36.2,서대문구,외식업/,91.4,40.5,27.6,87.5,63.8,38,76.2,54.3,35.1,서대문구,외식업/,78.2,39.2,30.2,86.4,40.6,37,77.8,50.9,27.5,서대문구,외식업/,74.6,35.1,21.6,80,43.1,34.8,71.8,57.6,29.8,서대문구,외식업/,74.1,36.4,26.3,87.8,49.3,34,84.4,51.9,30.9,서대문구,외식업/,83.3,35.1,31.1,86.4,45.5,31.9,78.6,53.7,31.6,서대문구,외식업/,60.6,28.6,50,74.3,67.7,31.4,91.3,39.4,21.4,서대문구,외식업/,71.8,25,34.4,85.2,60.6,39.4,88.9,48.7,8.3,서대문구,외식업/,75,36,25,91.3,50,44.8,87.9,52.3,16,서대문구,외식업/,81.6,58.6,33.3,90.9,39.4,29.6,88.2,57.9,31,서대문구,외식업/,76.9,58.1,50,96.6,46.9,44.7,86.8,53.8,41.9,서대문구,외식업/,81.8,50,48.1,84.4,52.6,36.7,90,57.6,38.9,서대문구,외식업/,92.9,43.8,47.1,80.5,42.9,40.7,78,67.9,40.6,서대문구,외식업/,93.8,40.6,45.5,87.2,48.7,36.4,81.1,59.4,31.3,서대문구,외식업/,73.8,55.9,36.7,72.3,24.2,13.9,74.4,31,26.5,서대문구,외식업/,71.4,37.9,38.7,68.3,33.3,19,76.5,35.7,20.7,서대문구,외식업/,79.5,48,33.3,67.4,28.3,15.6,77.8,43.2,20,서대문구,외식업/,80,34.4,20,73.2,25.6,19.4,75,38,25,서대문구,외식업/,70.9,38.7,15.9,72.2,32.4,21.6,76.9,51.9,33,서대문구,외식업/,73.4,39,21,71.4,37.3,21,82.2,51.9,34.3,서대문구,외식업/,71.4,34,21.2,79.7,41.2,26,76.2,51.2,27,서대문구,외식업/,69.9,30.4,21.6,75.8,47.9,34.3,76.5,50.6,21.7,서대문구,외식업/,75.6,37.8,25.8,71.8,37.1,26.4,76.7,37.2,22.2,서대문구,외식업/,76.5,44.3,32.8,75.4,35.5,23.1,79.2,38.8,21.6,서대문구,외식업/,76.7,42.9,38.9,79.5,34.2,16.7,82.1,38.4,25.7,서대문구,외식업/,72.7,35.8,33.3,77.8,37,21.8,90,40.3,17.9,서대문구,외식업/,71.8,46,29.7,80.2,42.4,27.3,80.8,46.2,30.2,서대문구,외식업/,72,49.2,26.5,85,44.2,27.9,83.5,47.2,32,서대문구,외식업/,77.8,47.9,22.7,83.7,44.6,28.8,79.7,49.6,33.3,서대문구,외식업/,78.7,39.8,28.4,78.6,47.4,29.8,75.4,55.6,29.3
,한식음식점,,,,,,,,,,,한식음식점,,,,,,,,,,,한식음식점,,,,,,,,,,,한식음식점,,,,,,,,,,,중식음식점,,,,,,,,,,,중식음식점,,,,,,,,,,,중식음식점,,,,,,,,,,,중식음식점,,,,,,,,,,,일식음식점,,,,,,,,,,,일식음식점,,,,,,,,,,,일식음식점,,,,,,,,,,,일식음식점,,,,,,,,,,,양식음식점,,,,,,,,,,,양식음식점,,,,,,,,,,,양식음식점,,,,,,,,,,,양식음식점,,,,,,,,,,,제과점,,,,,,,,,,,제과점,,,,,,,,,,,제과점,,,,,,,,,,,제과점,,,,,,,,,,,패스트푸드점,,,,,,,,,,,패스트푸드점,,,,,,,,,,,패스트푸드점,,,,,,,,,,,패스트푸드점,,,,,,,,,,,치킨전문점,,,,,,,,,,,치킨전문점,,,,,,,,,,,치킨전문점,,,,,,,,,,,치킨전문점,,,,,,,,,,,분식전문점,,,,,,,,,,,분식전문점,,,,,,,,,,,분식전문점,,,,,,,,,,,분식전문점,,,,,,,,,,,호프-간이주점,,,,,,,,,,,호프-간이주점,,,,,,,,,,,호프-간이주점,,,,,,,,,,,호프-간이주점,,,,,,,,,,,커피-음료,,,,,,,,,,,커피-음료,,,,,,,,,,,커피-음료,,,,,,,,,,,커피-음료,,,,,,,,,
마포구,외식업/,78.5,41.6,29.7,78.1,49.2,32.6,79.3,55.6,31.9,마포구,외식업/,79.6,38.6,29.7,77.8,50.3,37,79.8,56.6,31.2,마포구,외식업/,77.5,41.2,31.1,77.2,54.4,35.4,77.8,54.7,31.1,마포구,외식업/,78.6,45.5,32.9,77.4,52.7,33.7,77.2,54,33.9,마포구,외식업/,79.7,45.8,20.9,71.6,55.4,25,74,54.1,34.7,마포구,외식업/,79.5,54.8,32.5,68.5,53.2,22.7,72.1,53.4,39.7,마포구,외식업/,81.5,58.3,20.9,68.2,53,24.4,71.4,53.3,43.1,마포구,외식업/,77.1,63.6,24.5,72.1,48.6,28.4,72.9,49.4,43.9,마포구,외식업/,71,44.7,29.5,70.4,43.4,32.1,87,46.9,34.8,마포구,외식업/,73.5,47.5,25,76.3,40,33.6,87.6,49.4,37,마포구,외식업/,68.9,45.9,21.9,82.9,40.5,35.5,82.5,49.7,35.3,마포구,외식업/,71.5,46.2,26.4,88.4,46.7,33.5,80.9,48.3,34.3,마포구,외식업/,81.5,41.3,24,78.2,45.6,31.9,88.8,60,32.5,마포구,외식업/,82.8,45.8,25.5,78.9,47.5,30.5,88.4,61.2,33.3,마포구,외식업/,78.7,45.3,25.8,85.3,52.9,31.9,84.7,57,31,마포구,외식업/,76.6,44.3,31.8,89.7,55.8,31.9,77.1,56.3,29.7,마포구,외식업/,81,37.5,35.3,78.6,45.9,39.4,80.7,48.6,25,마포구,외식업/,79.2,39.2,41.3,85,49.5,34.9,77.6,46.9,23.7,마포구,외식업/,75.3,38.1,31.3,81.7,54.2,32.4,75.7,47.1,23.7,마포구,외식업/,78.8,37.5,37.1,78.9,53.6,22.2,80.3,55,25,마포구,외식업/,74.3,43.8,47.6,84,48.8,39.2,88.5,45.7,31.3,마포구,외식업/,74.6,46.1,46.2,82.3,46.5,36.4,85.7,46.3,31.6,마포구,외식업/,82.4,42.1,41.7,76,44.3,39.3,79.8,50,32.9,마포구,외식업/,82.1,45.8,30.8,82.4,40,41.3,82.5,50,36.1,마포구,외식업/,66.7,32.1,34.7,74.5,44.8,23.1,74.5,35.1,28.6,마포구,외식업/,75,37.5,32.7,65.4,41.5,21,84.6,42.3,27.1,마포구,외식업/,70.8,41.2,28.4,75.4,39.3,25.7,82.6,41.7,33.3,마포구,외식업/,79.2,39.2,23.9,75.5,36.1,30.9,83.3,45.3,27.5,마포구,외식업/,57.5,26.6,14.7,70.5,34.3,14.1,58.6,37,17.9,마포구,외식업/,56.5,29.9,16.9,68.8,38.9,12.4,62.2,32.9,23.5,마포구,외식업/,63,33,15.8,63.3,35.9,13.2,60.5,36.2,26,마포구,외식업/,66,34.7,14.1,60.4,38,14.7,60.3,43.3,24.9,마포구,외식업/,77.8,41.9,27.1,71,35.1,27.6,78.9,38.4,24.1,마포구,외식업/,76.2,35.1,27.8,75.2,39.4,26.1,81.9,33.5,23.2,마포구,외식업/,75.1,37.4,26,74,39.6,24.1,81.3,38.2,23.1,마포구,외식업/,76.3,36.2,31.2,78.4,36.7,21.3,82.9,40,22.3,마포구,외식업/,77.8,43.9,29.5,78.4,42.1,29.1,80.8,48.7,32.9,마포구,외식업/,77.7,43.4,30.8,80,45.1,30.1,81.2,48.1,31.3,마포구,외식업/,75.4,43.1,28.1,82.5,47.5,31.5,78.5,47.5,31.5,마포구,외식업/,77.4,41.9,28.6,83,49,34.1,78.1,46.9,28.9
,한식음식점,,,,,,,,,,,한식음식점,,,,,,,,,,,한식음식점,,,,,,,,,,,한식음식점,,,,,,,,,,,중식음식점,,,,,,,,,,,중식음식점,,,,,,,,,,,중식음식점,,,,,,,,,,,중식음식점,,,,,,,,,,,일식음식점,,,,,,,,,,,일식음식점,,,,,,,,,,,일식음식점,,,,,,,,,,,일식음식점,,,,,,,,,,,양식음식점,,,,,,,,,,,양식음식점,,,,,,,,,,,양식음식점,,,,,,,,,,,양식음식점,,,,,,,,,,,제과점,,,,,,,,,,,제과점,,,,,,,,,,,제과점,,,,,,,,,,,제과점,,,,,,,,,,,패스트푸드점,,,,,,,,,,,패스트푸드점,,,,,,,,,,,패스트푸드점,,,,,,,,,,,패스트푸드점,,,,,,,,,,,치킨전문점,,,,,,,,,,,치킨전문점,,,,,,,,,,,치킨전문점,,,,,,,,,,,치킨전문점,,,,,,,,,,,분식전문점,,,,,,,,,,,분식전문점,,,,,,,,,,,분식전문점,,,,,,,,,,,분식전문점,,,,,,,,,,,호프-간이주점,,,,,,,,,,,호프-간이주점,,,,,,,,,,,호프-간이주점,,,,,,,,,,,호프-간이주점,,,,,,,,,,,커피-음료,,,,,,,,,,,커피-음료,,,,,,,,,,,커피-음료,,,,,,,,,,,커피-음료,,,,,,,,,
양천구,외식업/,74.8,41.2,24.6,81.3,52.4,31.4,79.1,50.2,31.9,양천구,외식업/,77.1,42.8,26.1,81.4,52.8,30.5,81.5,49.2,33.9,양천구,외식업/,74.8,44.2,25.9,82.6,53.8,30.8,75.9,48.9,35.4,양천구,외식업/,74.7,47.8,28.2,82.9,51.7,31.5,75.2,49.1,37,양천구,외식업/,90.5,58.3,14.3,81,52.9,40.7,70.6,47.6,37.5,양천구,외식업/,86.4,65,22.7,77.3,52.9,37,73.7,54.5,45,양천구,외식업/,87,56.3,20.8,75,47.1,44.4,73.1,56.5,37.5,양천구,외식업/,81,53.8,32,73.7,47.8,42.3,79.3,71.4,23.1,양천구,외식업/,67.6,50,32.1,66.7,46.9,24.2,77.1,51.4,40.9,양천구,외식업/,68.8,57.1,20.8,70.6,43.8,24.3,76.5,56.3,42.9,양천구,외식업/,71,46.3,26.1,82.1,45,25,66.7,54.8,36.6,양천구,외식업/,76.9,47.6,23.3,75,47.8,23.1,66.7,57.7,40.5,양천구,외식업/,83.9,46.2,29.4,85.7,31.8,33.3,84.6,48.4,30.8,양천구,외식업/,76.5,38.5,35,81.8,42.3,29.4,86.4,41.2,23.1,양천구,외식업/,81.6,47.4,31.6,77.8,50,33.3,76.2,42.1,31.6,양천구,외식업/,83.8,39.1,26.3,81.6,38.5,33.3,78,54.1,30.4,양천구,외식업/,81.6,48.4,35.7,75.8,46.7,39.5,88.9,47.4,32.3,양천구,외식업/,84.2,48.5,33.3,78.6,40,42.4,81.8,44.7,33.3,양천구,외식업/,80.6,50,46.2,83.9,50,24.2,82.2,47.2,28.6,양천구,외식업/,78.9,46.4,36.6,92.9,54.1,27.6,77.8,44.7,32.1,양천구,외식업/,86.2,45.5,10,81.1,50,35.7,76.9,55.2,21.2,양천구,외식업/,75.8,38.9,15.8,84.2,58.1,32.3,79.2,42.4,19.4,양천구,외식업/,75,48.6,12.5,80.5,48.3,35.1,74.1,46.9,29.7,양천구,외식업/,73.5,50,28.6,81.8,48.4,25,72.3,44.1,31.3,양천구,외식업/,65.9,40.4,26.7,70.8,41.7,20.8,63,45.5,25,양천구,외식업/,71.2,52.3,18.3,60,36.8,22.2,63,36.5,31.8,양천구,외식업/,72.2,53.5,21.8,59.3,30.8,20.4,66.7,38.9,32.6,양천구,외식업/,76.3,51.3,19.6,59.6,32.6,23.6,70,40.7,30.8,양천구,외식업/,70.7,31,18.3,73.2,39.3,25,64.3,42.7,23.8,양천구,외식업/,70.9,34.1,21.2,69,48.3,24.5,64.9,40.5,23.2,양천구,외식업/,70.5,40,19.3,69.5,45,21.3,60.6,39.8,28.2,양천구,외식업/,76.8,44.2,19,63.9,44.4,20.7,57.8,41.4,30.2,양천구,외식업/,59.5,28.2,15.9,77.1,40.2,23.7,77.3,32.4,18.4,양천구,외식업/,69.7,27.7,15.8,74.6,42.4,24.8,79.1,36.8,17.9,양천구,외식업/,69.4,29.9,19,84.9,41.7,22.2,73,43.1,19.6,양천구,외식업/,75.4,31.5,21.8,81.6,33.3,18.4,60.6,46.4,23.1,양천구,외식업/,81.4,44,30.2,78.9,57.1,27.1,85.6,47.8,27.6,양천구,외식업/,78.1,52,27.9,80.9,58.6,21.7,87.8,48.2,32.7,양천구,외식업/,82.4,54.2,24.3,84.4,48.2,29.1,83.2,52.9,34.4,양천구,외식업/,76.7,57.1,20.8,86.8,46.7,30.8,79.7,56,34.5
,한식음식점,,,,,,,,,,,한식음식점,,,,,,,,,,,한식음식점,,,,,,,,,,,한식음식점,,,,,,,,,,,중식음식점,,,,,,,,,,,중식음식점,,,,,,,,,,,중식음식점,,,,,,,,,,,중식음식점,,,,,,,,,,,일식음식점,,,,,,,,,,,일식음식점,,,,,,,,,,,일식음식점,,,,,,,,,,,일식음식점,,,,,,,,,,,양식음식점,,,,,,,,,,,양식음식점,,,,,,,,,,,양식음식점,,,,,,,,,,,양식음식점,,,,,,,,,,,제과점,,,,,,,,,,,제과점,,,,,,,,,,,제과점,,,,,,,,,,,제과점,,,,,,,,,,,패스트푸드점,,,,,,,,,,,패스트푸드점,,,,,,,,,,,패스트푸드점,,,,,,,,,,,패스트푸드점,,,,,,,,,,,치킨전문점,,,,,,,,,,,치킨전문점,,,,,,,,,,,치킨전문점,,,,,,,,,,,치킨전문점,,,,,,,,,,,분식전문점,,,,,,,,,,,분식전문점,,,,,,,,,,,분식전문점,,,,,,,,,,,분식전문점,,,,,,,,,,,호프-간이주점,,,,,,,,,,,호프-간이주점,,,,,,,,,,,호프-간이주점,,,,,,,,,,,호프-간이주점,,,,,,,,,,,커피-음료,,,,,,,,,,,커피-음료,,,,,,,,,,,커피-음료,,,,,,,,,,,커피-음료,,,,,,,,,
강서구,외식업/,72.7,45,24.2,73.8,49.8,29.4,74.7,49.7,32.6,강서구,외식업/,73.2,46.1,24.1,72.7,49.3,31.5,77.6,50,34.2,강서구,외식업/,70.5,44.1,25.4,73.9,50.5,34.1,74.2,48.1,33.3,강서구,외식업/,72.7,46,25.3,76.7,50.2,33.3,72.9,48.4,33.9,강서구,외식업/,71.4,44.4,25.8,77.8,60,37.8,71.4,41.1,31.1,강서구,외식업/,83,41.5,38.2,73.2,54.9,40,66.7,49.1,32.1,강서구,외식업/,80,52.5,39,82.5,47.9,33.3,64.5,49.1,37.7,강서구,외식업/,73.6,53.7,36.4,75.6,48.1,28.2,65.2,49.1,40.7,강서구,외식업/,79.7,39.1,23.3,81.4,56,32,82.1,44.9,30.4,강서구,외식업/,74.1,47.5,29.7,85.5,58,34.1,85.1,49.4,40.7,강서구,외식업/,76.5,47.8,34.3,76.6,56.2,30.6,84.4,54.3,43.3,강서구,외식업/,76.3,51.9,28.3,78.9,50,31.1,83.2,56.6,48.1,강서구,외식업/,68.9,46.9,33.3,72.2,50.6,30.3,72.4,44.4,31.3,강서구,외식업/,67.9,46.7,30,78.9,56.1,34.3,71.8,33.9,33.3,강서구,외식업/,73.3,48.4,24.2,66.1,49.1,38.7,71.3,46.7,38.7,강서구,외식업/,73.9,48,23.7,73.1,48.9,31,75.9,44.9,41.3,강서구,외식업/,76.6,51.9,29.7,84.5,48,32.8,86.5,42.9,42.6,강서구,외식업/,78.3,50,34,89.4,56.3,34.1,83.1,42.2,37.1,강서구,외식업/,78,47.5,33.9,86,47.3,37.5,77.6,52.4,32.8,강서구,외식업/,84.1,44.1,31.7,82,40.8,42.5,80.8,60.3,35.6,강서구,외식업/,78.7,44.2,37.5,72.1,60,53.8,81.8,59,30.2,강서구,외식업/,77.6,44.7,50,82.6,60.9,50,88,51.7,31.9,강서구,외식업/,84.4,44.7,52.6,81.8,60.3,41.7,81.1,44.4,38.3,강서구,외식업/,77.6,52.2,48,76.3,63,39,80,49,41.3,강서구,외식업/,70.3,40.7,21.9,75,33.3,28.2,67.1,45.3,25.9,강서구,외식업/,78.7,37,30,70.7,37.5,25.3,65.4,50.8,18.5,강서구,외식업/,78.8,35.5,24.6,70.8,40,23.4,60.5,45.5,19.4,강서구,외식업/,75.7,29.7,26.8,68.7,43.3,23.2,56.3,40.5,18.8,강서구,외식업/,67.7,41.5,20.5,71.3,45.5,25.7,68.1,40.5,32.7,강서구,외식업/,67.8,43.8,20.4,66.4,44.2,25.2,67.1,40.8,33.3,강서구,외식업/,63.9,44.6,21.4,70.1,43.2,25,67.7,35.4,35,강서구,외식업/,72.4,44.6,24.5,67.9,41.4,30,69.2,39.3,31,강서구,외식업/,70.5,32.8,23,75,36,18.6,71.4,40.9,19.1,강서구,외식업/,70.9,35.1,26.8,72.3,35.6,14.9,78.1,42.6,20.5,강서구,외식업/,74.8,31.9,22.3,71.6,37,17,80.7,38.5,20.3,강서구,외식업/,75.5,33.5,20.8,72.2,38.1,18.6,74.1,35.3,20.1,강서구,외식업/,75.3,44.9,29.7,78.1,49.6,29.1,75.4,51.1,33.2,강서구,외식업/,81.7,45.9,34.2,79.6,46,28.8,77,52.5,32.9,강서구,외식업/,81.3,48.2,31.9,79.8,47.3,30.4,76.4,50.7,32,강서구,외식업/,80.9,47.3,35.8,79.5,48.2,33.1,76,49.6,30.5
,한식음식점,,,,,,,,,,,한식음식점,,,,,,,,,,,한식음식점,,,,,,,,,,,한식음식점,,,,,,,,,,,중식음식점,,,,,,,,,,,중식음식점,,,,,,,,,,,중식음식점,,,,,,,,,,,중식음식점,,,,,,,,,,,일식음식점,,,,,,,,,,,일식음식점,,,,,,,,,,,일식음식점,,,,,,,,,,,일식음식점,,,,,,,,,,,양식음식점,,,,,,,,,,,양식음식점,,,,,,,,,,,양식음식점,,,,,,,,,,,양식음식점,,,,,,,,,,,제과점,,,,,,,,,,,제과점,,,,,,,,,,,제과점,,,,,,,,,,,제과점,,,,,,,,,,,패스트푸드점,,,,,,,,,,,패스트푸드점,,,,,,,,,,,패스트푸드점,,,,,,,,,,,패스트푸드점,,,,,,,,,,,치킨전문점,,,,,,,,,,,치킨전문점,,,,,,,,,,,치킨전문점,,,,,,,,,,,치킨전문점,,,,,,,,,,,분식전문점,,,,,,,,,,,분식전문점,,,,,,,,,,,분식전문점,,,,,,,,,,,분식전문점,,,,,,,,,,,호프-간이주점,,,,,,,,,,,호프-간이주점,,,,,,,,,,,호프-간이주점,,,,,,,,,,,호프-간이주점,,,,,,,,,,,커피-음료,,,,,,,,,,,커피-음료,,,,,,,,,,,커피-음료,,,,,,,,,,,커피-음료,,,,,,,,,
구로구,외식업/,73.5,45.8,28,79.7,51.7,33.2,81.8,59.1,35.5,구로구,외식업/,73.3,50.7,28.8,81.4,52.3,32.2,82.3,57.2,39.1,구로구,외식업/,77.4,50,31.2,81.4,54.7,32.2,78,50.6,37.9,구로구,외식업/,76.7,49.5,30.6,80.9,56.9,35.4,74.8,50.2,36.7,구로구,외식업/,66.3,34.9,23.7,80.9,35.2,27.2,76.6,42.6,24.5,구로구,외식업/,70.1,38.5,14.3,76.5,35.7,28.3,75,47.4,28.1,구로구,외식업/,75,33.6,18.3,72.3,39.3,28.2,82,52,24.3,구로구,외식업/,76.5,31.3,21.6,81.8,40.9,28.4,74.2,48,27.1,구로구,외식업/,70.8,45.7,29,85.7,64,27,76.7,58.3,42.9,구로구,외식업/,72,57.1,22.2,75.9,60,31.3,80,64,48.6,구로구,외식업/,89.3,61.8,25,77.4,40,34.4,76.9,75,52.9,구로구,외식업/,87.5,62.5,24.3,79.3,52.4,45.9,75.9,75,50,구로구,외식업/,72.7,44.8,32.3,71.9,50,33.3,81,45.5,37.9,구로구,외식업/,76.2,50,40,72.4,58.6,29.2,85.7,38.1,39.3,구로구,외식업/,79.3,51.4,45.8,85.2,50,26.1,79.2,41.4,48.6,구로구,외식업/,73.3,53.8,37.5,85.7,46.2,46.7,84.8,53.3,50,구로구,외식업/,71.4,50,22.9,60.6,48.5,34.4,82.1,42.9,40,구로구,외식업/,72.4,51.9,25,63.6,51.5,32.4,80.6,37.9,40.7,구로구,외식업/,78.8,48.4,30,75,46.7,31,80,30.3,45.2,구로구,외식업/,78.9,50,35.5,87.5,43.3,31.6,80,34.2,46.2,구로구,외식업/,80,42.9,33.3,77.4,53.3,50,89.2,46.7,28.6,구로구,외식업/,82.8,52.2,43.3,75,60.7,37.1,93.8,55.2,30.4,구로구,외식업/,86.2,65.5,40,78.6,41.7,36.4,94.3,51.7,37.9,구로구,외식업/,82.6,62.1,48.3,84.4,48.4,28.6,85.7,39.1,37.9,구로구,외식업/,76.5,30.8,23.9,81.1,44.8,23.4,82.6,45.1,29.2,구로구,외식업/,86.5,36.4,28.3,83,39.7,21.4,80.4,46.2,32.7,구로구,외식업/,72.9,46.2,26.4,85.7,40.8,22.6,81.5,42.4,32.7,구로구,외식업/,75,43.6,23.9,82.2,35.3,29.2,70.4,48.2,29.1,구로구,외식업/,71.4,33,25.8,75.2,37,33,74.4,47.3,21.3,구로구,외식업/,74.5,37.2,26.3,75.6,39.6,32.7,79.5,43.6,24.4,구로구,외식업/,71.6,40.2,31.1,73.1,38.9,26.4,72.3,43.2,28,구로구,외식업/,73.5,39.5,33,67.5,46.4,22.5,77.8,41.8,27.2,구로구,외식업/,48.7,34.6,22.2,67.3,31.5,17.2,68.7,23.5,18.9,구로구,외식업/,45,38.1,23.4,71.7,27.3,15.9,73.8,24.3,20.3,구로구,외식업/,54.7,36.8,20.2,67.7,23.3,17,76.8,35.8,21.3,구로구,외식업/,62.3,31.7,20.5,69.9,24.6,15.2,70.4,34.9,19.8,구로구,외식업/,77.1,41.3,26,85.6,46.2,29,80.4,52.4,34.1,구로구,외식업/,81,46.9,27.2,82.6,45,30.5,83.1,52.4,35.9,구로구,외식업/,87.5,44.8,27.2,83.1,42.7,33.3,82.7,58,36,구로구,외식업/,89.5,45.4,28.3,85.2,46.7,33.9,82.4,57.1,36.2
,한식음식점,,,,,,,,,,,한식음식점,,,,,,,,,,,한식음식점,,,,,,,,,,,한식음식점,,,,,,,,,,,중식음식점,,,,,,,,,,,중식음식점,,,,,,,,,,,중식음식점,,,,,,,,,,,중식음식점,,,,,,,,,,,일식음식점,,,,,,,,,,,일식음식점,,,,,,,,,,,일식음식점,,,,,,,,,,,일식음식점,,,,,,,,,,,양식음식점,,,,,,,,,,,양식음식점,,,,,,,,,,,양식음식점,,,,,,,,,,,양식음식점,,,,,,,,,,,제과점,,,,,,,,,,,제과점,,,,,,,,,,,제과점,,,,,,,,,,,제과점,,,,,,,,,,,패스트푸드점,,,,,,,,,,,패스트푸드점,,,,,,,,,,,패스트푸드점,,,,,,,,,,,패스트푸드점,,,,,,,,,,,치킨전문점,,,,,,,,,,,치킨전문점,,,,,,,,,,,치킨전문점,,,,,,,,,,,치킨전문점,,,,,,,,,,,분식전문점,,,,,,,,,,,분식전문점,,,,,,,,,,,분식전문점,,,,,,,,,,,분식전문점,,,,,,,,,,,호프-간이주점,,,,,,,,,,,호프-간이주점,,,,,,,,,,,호프-간이주점,,,,,,,,,,,호프-간이주점,,,,,,,,,,,커피-음료,,,,,,,,,,,커피-음료,,,,,,,,,,,커피-음료,,,,,,,,,,,커피-음료,,,,,,,,,
금천구,외식업/,74.6,45.1,25.5,76.6,47.9,35.4,82,56.3,33.8,금천구,외식업/,74.7,46.1,27.3,78,50,36.3,83,57.3,33.4,금천구,외식업/,75.7,41.9,27.4,79.4,53.2,38.1,80.8,56.1,31.9,금천구,외식업/,76,45.6,31.5,80.5,54.8,35.2,78.6,53.8,35.7,금천구,외식업/,66,42.6,10.3,65.9,38.9,17.6,85.7,38,29.6,금천구,외식업/,66,45,20.9,67.7,37,13.3,79.2,37.7,33.3,금천구,외식업/,56.9,45,24.5,76.5,37.2,17,74.5,39.2,36.7,금천구,외식업/,62.5,44.3,15.4,77.8,39.2,23.4,72,30,36.1,금천구,외식업/,85.7,35.3,21.4,77.3,50,19.2,90.5,57.1,35.3,금천구,외식업/,91.3,46.7,23.5,72.7,50,25,83.3,60.9,33.3,금천구,외식업/,90,47.1,11.1,78.3,40,30.4,82.1,70,35.3,금천구,외식업/,84.6,52.4,13,78.9,57.9,36.8,83.3,65.4,28.6,금천구,외식업/,70.6,40,53.8,81,42.9,25,76,52.9,33.3,금천구,외식업/,77.3,35.7,40,80,47.8,23.8,74.1,63.6,28.6,금천구,외식업/,77.3,27.3,35.7,87.5,56,28.6,72.4,45.5,27.3,금천구,외식업/,78.9,44.4,35,85,52.6,27.8,69.2,52.6,22.2,금천구,외식업/,78.6,35.7,35.7,93.3,45.5,25,83.3,46.4,28.6,금천구,외식업/,79.3,46.7,26.7,88.9,54.5,28.6,85.7,51.7,33.3,금천구,외식업/,84.6,58.3,27.8,91.7,46.7,23.1,61.5,57.7,41.7,금천구,외식업/,80,50,21.4,85.7,45,33.3,83.3,60,41.7,금천구,외식업/,95.7,62.5,35.7,84.6,62.5,31.6,86.7,65.2,50,금천구,외식업/,84,66.7,33.3,95.8,64.7,23.5,78.8,56,60,금천구,외식업/,82.8,58.8,41.2,86.2,53.3,25,73.1,62.1,47.1,금천구,외식업/,81.5,56.3,38.9,81.5,61.9,37.5,81.8,59.3,43.8,금천구,외식업/,84.2,36,18.8,78,41.4,22.5,80.6,52.6,20,금천구,외식업/,77.1,23.5,20.8,74.3,38.6,22.2,78.8,51.4,17.6,금천구,외식업/,78.9,44,24.1,70.6,35.1,16.1,73.5,52.6,24,금천구,외식업/,71.1,41.9,20.5,80.6,50,21.7,51.7,42.1,22.6,금천구,외식업/,75.3,35.1,18.8,69.4,47.5,30.8,76.5,54.5,24.6,금천구,외식업/,78.5,29.2,29.4,72.5,50,27.3,71.9,55.4,20.8,금천구,외식업/,79.7,33.3,29.4,73.6,55.2,30,65.4,59.3,25,금천구,외식업/,73.7,45.8,28.8,82.2,50.7,27.4,68.2,54.4,37.3,금천구,외식업/,70.6,34.1,21,69.1,32.2,16.1,62.5,36.8,20.9,금천구,외식업/,72.5,32.7,21,63.8,37.1,17.2,72.4,43.1,17.3,금천구,외식업/,72,32.4,17.6,63,38.7,17.4,62.5,44,18.6,금천구,외식업/,69.5,28.6,19.5,61.8,37,18,62.5,49.2,16.7,금천구,외식업/,74.4,33,26.2,79.3,48.5,31.6,79.4,46.4,25.2,금천구,외식업/,76.2,39.3,22.2,83.5,50,31.1,78.9,42.9,28.1,금천구,외식업/,81.4,43.7,28.6,80.2,45.9,28.7,81.8,48.1,29.9,금천구,외식업/,81.3,47.9,29.3,81.7,43.9,24.5,79.7,45.5,33.3
,한식음식점,,,,,,,,,,,한식음식점,,,,,,,,,,,한식음식점,,,,,,,,,,,한식음식점,,,,,,,,,,,중식음식점,,,,,,,,,,,중식음식점,,,,,,,,,,,중식음식점,,,,,,,,,,,중식음식점,,,,,,,,,,,일식음식점,,,,,,,,,,,일식음식점,,,,,,,,,,,일식음식점,,,,,,,,,,,일식음식점,,,,,,,,,,,양식음식점,,,,,,,,,,,양식음식점,,,,,,,,,,,양식음식점,,,,,,,,,,,양식음식점,,,,,,,,,,,제과점,,,,,,,,,,,제과점,,,,,,,,,,,제과점,,,,,,,,,,,제과점,,,,,,,,,,,패스트푸드점,,,,,,,,,,,패스트푸드점,,,,,,,,,,,패스트푸드점,,,,,,,,,,,패스트푸드점,,,,,,,,,,,치킨전문점,,,,,,,,,,,치킨전문점,,,,,,,,,,,치킨전문점,,,,,,,,,,,치킨전문점,,,,,,,,,,,분식전문점,,,,,,,,,,,분식전문점,,,,,,,,,,,분식전문점,,,,,,,,,,,분식전문점,,,,,,,,,,,호프-간이주점,,,,,,,,,,,호프-간이주점,,,,,,,,,,,호프-간이주점,,,,,,,,,,,호프-간이주점,,,,,,,,,,,커피-음료,,,,,,,,,,,커피-음료,,,,,,,,,,,커피-음료,,,,,,,,,,,커피-음료,,,,,,,,,
영등포구,외식업/,80.3,44.9,30,77.7,51.5,33.6,82.3,56.9,34.9,영등포구,외식업/,79.2,48.6,28.3,79.6,54.3,33.7,85.4,56.2,38.1,영등포구,외식업/,76,48.6,30.1,80.4,54.1,34.8,82.4,54.1,37.9,영등포구,외식업/,77.2,49.3,31.7,82.2,53.7,35.3,80.5,56.3,39.5,영등포구,외식업/,68.5,40.2,22.2,77.1,39.6,25,75.9,48,25.4,영등포구,외식업/,68.6,43.5,22.6,77.7,41.4,25.7,79.3,49.2,27.6,영등포구,외식업/,72.7,42,25.2,72.7,43.3,22.7,80,53.1,31.4,영등포구,외식업/,76.1,41.8,25.8,77.1,46.7,22.6,82.8,53.7,30.9,영등포구,외식업/,66,56.3,39.1,78.3,50.7,39.2,85.3,43.4,47.9,영등포구,외식업/,69.6,60,34.1,84.6,49.3,44.6,87,42.9,48.9,영등포구,외식업/,76.5,55.6,30,84.2,43.1,49.1,90.5,45.1,48.1,영등포구,외식업/,80.7,55,34.1,87.3,33.9,51.8,87.9,50.9,45,영등포구,외식업/,85,50,44.1,77.6,53.7,30.3,82.8,53.3,41.7,영등포구,외식업/,81.7,50.9,35.5,71.2,59.7,28.9,86.1,60,41.8,영등포구,외식업/,78.7,49.1,27.3,71.4,60.3,32,84.1,59,45.6,영등포구,외식업/,84.4,49.3,21.2,79.6,58.6,41.3,73.4,59.4,44.8,영등포구,외식업/,85,40.9,40,88.6,58.2,45.2,81.4,62.5,29.5,영등포구,외식업/,86.8,47.8,48.8,79.5,57.4,29.6,82.2,60.5,37,영등포구,외식업/,88.6,55.3,52.4,79.5,60,25,75,54.3,44.7,영등포구,외식업/,90.3,56.9,47.1,81.1,63.3,27.8,73.9,61.3,47.1,영등포구,외식업/,89.2,51.1,45.5,71.1,59,60.9,81.1,56.8,38.3,영등포구,외식업/,88.6,50,46.2,76.3,64.3,48.1,82.5,57.1,35.4,영등포구,외식업/,86.8,54.8,44,78.4,63.4,46.2,85.2,60.5,40.5,영등포구,외식업/,79.1,55,47.8,83.7,60.5,41.3,92.9,51.2,47.5,영등포구,외식업/,81.1,47.5,25.9,77.6,32.4,29.4,72.1,43.2,27.1,영등포구,외식업/,75,42.2,26.4,82,42.4,25,69.3,41.7,26.7,영등포구,외식업/,78.7,46.2,24.6,74,30.6,27.1,75.4,51.1,30.8,영등포구,외식업/,78.2,46.9,26.8,68.7,35.9,25,71.4,41.8,31.3,영등포구,외식업/,67,44,21.5,76.8,49.2,26,65.5,49.5,34.3,영등포구,외식업/,69,42.5,19.8,73.7,60.7,27.5,68.4,51,29.9,영등포구,외식업/,72.9,41.5,17.4,72.5,59.8,33.6,68.9,46.7,32.2,영등포구,외식업/,72.6,46,21,69.7,54.2,35.9,73.5,45.1,35.5,영등포구,외식업/,77.7,30.4,21.3,71.8,37.9,18.2,74,45.3,19.6,영등포구,외식업/,80.6,36,19.2,67.3,40.3,16.9,67.1,44.2,24.2,영등포구,외식업/,77.6,35.6,21,68.4,43.4,18.5,72.9,44.8,20.7,영등포구,외식업/,74.2,36.8,19.3,75,43.5,19.5,67.6,42.5,21.3,영등포구,외식업/,79.4,49.3,35,73.8,53.2,32.5,83.1,53.3,36.6,영등포구,외식업/,82.4,54.3,34.5,75.8,52.1,35.6,80,54.9,39.8,영등포구,외식업/,73.3,52.8,34.9,81.5,54.6,35.5,78.2,49.3,39.6,영등포구,외식업/,76.4,52.3,30.8,81.2,55.7,38.3,78.8,49.8,37.5
,한식음식점,,,,,,,,,,,한식음식점,,,,,,,,,,,한식음식점,,,,,,,,,,,한식음식점,,,,,,,,,,,중식음식점,,,,,,,,,,,중식음식점,,,,,,,,,,,중식음식점,,,,,,,,,,,중식음식점,,,,,,,,,,,일식음식점,,,,,,,,,,,일식음식점,,,,,,,,,,,일식음식점,,,,,,,,,,,일식음식점,,,,,,,,,,,양식음식점,,,,,,,,,,,양식음식점,,,,,,,,,,,양식음식점,,,,,,,,,,,양식음식점,,,,,,,,,,,제과점,,,,,,,,,,,제과점,,,,,,,,,,,제과점,,,,,,,,,,,제과점,,,,,,,,,,,패스트푸드점,,,,,,,,,,,패스트푸드점,,,,,,,,,,,패스트푸드점,,,,,,,,,,,패스트푸드점,,,,,,,,,,,치킨전문점,,,,,,,,,,,치킨전문점,,,,,,,,,,,치킨전문점,,,,,,,,,,,치킨전문점,,,,,,,,,,,분식전문점,,,,,,,,,,,분식전문점,,,,,,,,,,,분식전문점,,,,,,,,,,,분식전문점,,,,,,,,,,,호프-간이주점,,,,,,,,,,,호프-간이주점,,,,,,,,,,,호프-간이주점,,,,,,,,,,,호프-간이주점,,,,,,,,,,,커피-음료,,,,,,,,,,,커피-음료,,,,,,,,,,,커피-음료,,,,,,,,,,,커피-음료,,,,,,,,,
동작구,외식업/,80.2,51.1,38.6,80.5,52.1,37.8,81.9,56.3,40,동작구,외식업/,82.7,53.8,37.3,83.9,51.5,37.1,81.6,58.8,42.7,동작구,외식업/,81.9,53.1,38.9,83,52.2,36.3,77.5,61.3,39.7,동작구,외식업/,81.5,54.8,35.8,82.2,55.2,39.5,77,60.7,40.6,동작구,외식업/,57.7,48,37.5,86.1,74.1,36.8,77.3,42.3,40,동작구,외식업/,64,50,38.7,85.3,76.7,33.3,71.4,40,42.9,동작구,외식업/,76.7,54.5,37.5,87.5,66.7,36.1,73.9,50,45.5,동작구,외식업/,78.4,72.7,36.4,87,53.6,34.3,76.2,51.4,54.5,동작구,외식업/,70.5,53.3,36.8,82.1,48.9,41.4,85.2,54.5,33.3,동작구,외식업/,76.1,44.7,41.2,88,50,41.7,82.4,60.9,29.8,동작구,외식업/,75.8,43.8,35,88.9,53.7,50,80.6,63.6,29.2,동작구,외식업/,76.7,46.9,36,86.7,55.1,39.5,84.4,53.3,38.8,동작구,외식업/,78.9,41,37.5,72.2,32.4,32.1,89.3,68.4,25.6,동작구,외식업/,75,41.7,34.6,73.5,35.5,35.5,91.2,62.5,27.8,동작구,외식업/,81.5,34.3,33.3,82.9,44.4,29.4,85.7,59.3,25.7,동작구,외식업/,78.8,35.3,26.1,83.9,54.2,25.6,85.2,51.5,26.5,동작구,외식업/,75.6,41.9,20.7,80.6,59,44.4,87,48.8,23.3,동작구,외식업/,79.4,53.2,25,85.3,45.2,33.3,85.7,55.9,31.9,동작구,외식업/,84.8,51.2,30.4,82.9,43.9,33.3,83.3,57.6,31.7,동작구,외식업/,81.6,52.4,33.3,81.5,47.4,24.3,85.7,50,35.7,동작구,외식업/,82.2,46.7,37,73,51.6,32.1,87.8,48.9,33.3,동작구,외식업/,84.8,38.5,36,78.8,57.6,32.4,90.9,54.3,30.8,동작구,외식업/,76.7,37.5,29.2,81.8,57.5,28.6,93.5,55.8,33.3,동작구,외식업/,77.8,46.7,28.6,86.5,51.2,32.1,97.6,52.8,36.7,동작구,외식업/,71.4,38.5,33.3,67.7,46.8,22.7,70.2,41.1,26.9,동작구,외식업/,72,38.6,31.5,62.5,46.8,28.9,65.3,42,31.6,동작구,외식업/,68.4,41.5,31.4,70.7,45,25.5,66.7,38.6,34,동작구,외식업/,71.9,42.6,27.3,66.1,43.8,26,67.6,35.1,33.3,동작구,외식업/,57.8,33.3,20,77.6,41.2,24.1,63.6,31.3,25.3,동작구,외식업/,55.6,29.9,23.3,76.6,38.4,29.7,65,27,23.7,동작구,외식업/,63.4,33.7,22.7,67.2,37,25.9,75.9,38,27.7,동작구,외식업/,71,36,22.6,61.5,37.8,29.9,76.3,42,26.1,동작구,외식업/,75.8,45.8,9.1,82.2,41,26,84,30.3,34.7,동작구,외식업/,84.2,39.4,13.5,81,40.7,36.6,90.5,43.9,18.2,동작구,외식업/,84.3,36,18.4,83.3,44.3,34.2,100,41.2,16,동작구,외식업/,82.4,35.9,18.8,78.6,38.4,37.3,94.4,47.1,20.5,동작구,외식업/,73.6,43,25.8,80.4,49.2,26.4,77.6,46.4,27.5,동작구,외식업/,77.9,48.2,24.2,77.4,41.9,24.8,79,51.7,34,동작구,외식업/,78.4,51.9,24,75.6,44.4,23.6,76.9,50,35.3,동작구,외식업/,81.3,50,27.5,77.2,44.9,26.4,78.9,50.3,31.5
,한식음식점,,,,,,,,,,,한식음식점,,,,,,,,,,,한식음식점,,,,,,,,,,,한식음식점,,,,,,,,,,,중식음식점,,,,,,,,,,,중식음식점,,,,,,,,,,,중식음식점,,,,,,,,,,,중식음식점,,,,,,,,,,,일식음식점,,,,,,,,,,,일식음식점,,,,,,,,,,,일식음식점,,,,,,,,,,,일식음식점,,,,,,,,,,,양식음식점,,,,,,,,,,,양식음식점,,,,,,,,,,,양식음식점,,,,,,,,,,,양식음식점,,,,,,,,,,,제과점,,,,,,,,,,,제과점,,,,,,,,,,,제과점,,,,,,,,,,,제과점,,,,,,,,,,,패스트푸드점,,,,,,,,,,,패스트푸드점,,,,,,,,,,,패스트푸드점,,,,,,,,,,,패스트푸드점,,,,,,,,,,,치킨전문점,,,,,,,,,,,치킨전문점,,,,,,,,,,,치킨전문점,,,,,,,,,,,치킨전문점,,,,,,,,,,,분식전문점,,,,,,,,,,,분식전문점,,,,,,,,,,,분식전문점,,,,,,,,,,,분식전문점,,,,,,,,,,,호프-간이주점,,,,,,,,,,,호프-간이주점,,,,,,,,,,,호프-간이주점,,,,,,,,,,,호프-간이주점,,,,,,,,,,,커피-음료,,,,,,,,,,,커피-음료,,,,,,,,,,,커피-음료,,,,,,,,,,,커피-음료,,,,,,,,,
관악구,외식업/,72.5,40.5,26.8,75,45.4,25.5,72,53.6,31.4,관악구,외식업/,74.7,43.6,30.4,73.4,47.7,25,73.7,56.5,32.8,관악구,외식업/,74.8,41.5,27,74.8,51.3,29.6,69.7,51,31.3,관악구,외식업/,75.2,44.9,25.2,73.1,52.9,29.2,70,49.4,33.3,관악구,외식업/,75.6,36.7,29,84.4,42.6,35.8,78,42.2,30,관악구,외식업/,81,37.1,42.1,81,44.4,30.8,75.9,57.1,29,관악구,외식업/,73.2,40.7,38.6,77.5,45.8,26.5,62.7,58.5,30.5,관악구,외식업/,82.6,38,37.5,72.2,43.1,23.6,64.4,58.7,26,관악구,외식업/,61.3,45.6,27,82.2,55.6,12.1,77.6,48.4,29.8,관악구,외식업/,68.4,50.9,22,84.2,52.2,17.5,72.2,56.1,35.8,관악구,외식업/,70.6,47.2,13.5,84.4,54.5,20.6,70.6,56.9,37.7,관악구,외식업/,74,53.7,17.5,85,50.8,21.7,68.5,56,38.9,관악구,외식업/,75.4,41.7,39.4,73.5,51.1,33.3,70.4,64.9,25,관악구,외식업/,78.9,44.7,30.6,80,47.2,41.7,71.3,66.7,27.7,관악구,외식업/,78.7,50,29.3,76.9,58.2,30.8,70.1,59.6,36,관악구,외식업/,77.1,54.2,34.2,73.5,60,23.3,64.4,64.6,41.7,관악구,외식업/,79.5,31.7,34.3,85.7,47.1,24.2,87.1,50,26.8,관악구,외식업/,84.1,40.5,26.3,94.3,44.7,23.5,69.7,43.2,35.1,관악구,외식업/,90.9,31.4,30.6,86.2,42.9,28.6,72.7,56.8,28.6,관악구,외식업/,87.2,38.7,30.8,89.7,48.8,30.6,73.2,56.4,32.3,관악구,외식업/,71.7,52.2,34.5,76.7,40.5,33.3,66.7,43.5,39.1,관악구,외식업/,68.8,46.9,19.2,79.2,47.1,42.9,72.9,45.8,32.7,관악구,외식업/,80.4,44,30,73.8,40,38.7,72.2,56.5,26,관악구,외식업/,79.2,35.4,40,72.2,36.4,46.9,67.2,58.5,22.9,관악구,외식업/,62.5,34.5,22.4,65.1,37.1,28.6,57.6,32.8,17.9,관악구,외식업/,59.6,40.2,18.3,67.6,39.7,27.9,62.3,26.3,22,관악구,외식업/,65,32.9,20,67.6,47.2,25.3,63.3,21.7,19.7,관악구,외식업/,60,39.1,24.7,62.7,41.5,16.3,69.8,28.3,27.5,관악구,외식업/,65,28.7,22.7,73.1,33.3,17.3,56.6,41.5,22.4,관악구,외식업/,66.7,31,21.6,66.9,37.1,18.6,64.8,41.9,23.2,관악구,외식업/,65.5,32.4,20.1,62.1,37.7,19.8,65.8,42.2,23.5,관악구,외식업/,70.6,32.3,17.7,53,38.8,21.3,66.3,45.2,24.4,관악구,외식업/,67.8,35,14.4,73.2,27.7,17.3,85.7,34.2,24.5,관악구,외식업/,70.4,34.9,18.8,69,29.9,19.1,94.4,37.3,20.5,관악구,외식업/,67.7,28.8,20.5,75.8,30.7,21.3,83.7,36.2,16.9,관악구,외식업/,66.4,29.5,19.9,85.3,31.6,22.9,87.5,38.7,17.9,관악구,외식업/,71.8,41.4,26.8,82.2,45.2,27,76.1,43.6,25.4,관악구,외식업/,75.2,48,26.9,82.8,41,23.5,79.4,44.8,33.3,관악구,외식업/,79,43.4,31.5,80.4,44.8,26.3,79.6,49.7,30.9,관악구,외식업/,82.7,44.1,27.7,77.1,42.3,27,79,57.5,32.2
,한식음식점,,,,,,,,,,,한식음식점,,,,,,,,,,,한식음식점,,,,,,,,,,,한식음식점,,,,,,,,,,,중식음식점,,,,,,,,,,,중식음식점,,,,,,,,,,,중식음식점,,,,,,,,,,,중식음식점,,,,,,,,,,,일식음식점,,,,,,,,,,,일식음식점,,,,,,,,,,,일식음식점,,,,,,,,,,,일식음식점,,,,,,,,,,,양식음식점,,,,,,,,,,,양식음식점,,,,,,,,,,,양식음식점,,,,,,,,,,,양식음식점,,,,,,,,,,,제과점,,,,,,,,,,,제과점,,,,,,,,,,,제과점,,,,,,,,,,,제과점,,,,,,,,,,,패스트푸드점,,,,,,,,,,,패스트푸드점,,,,,,,,,,,패스트푸드점,,,,,,,,,,,패스트푸드점,,,,,,,,,,,치킨전문점,,,,,,,,,,,치킨전문점,,,,,,,,,,,치킨전문점,,,,,,,,,,,치킨전문점,,,,,,,,,,,분식전문점,,,,,,,,,,,분식전문점,,,,,,,,,,,분식전문점,,,,,,,,,,,분식전문점,,,,,,,,,,,호프-간이주점,,,,,,,,,,,호프-간이주점,,,,,,,,,,,호프-간이주점,,,,,,,,,,,호프-간이주점,,,,,,,,,,,커피-음료,,,,,,,,,,,커피-음료,,,,,,,,,,,커피-음료,,,,,,,,,,,커피-음료,,,,,,,,,
서초구,외식업/,75.9,45.9,26.4,77.7,50.2,34.3,81.3,52.7,34.5,서초구,외식업/,77.6,46.8,31.8,78.1,50.3,33.4,81.4,52.9,34.1,서초구,외식업/,77.7,45.5,32.6,80.5,50.9,33.6,78,51.8,36.4,서초구,외식업/,76.7,47.8,31.1,82,52.1,35,76,53.1,37.9,서초구,외식업/,89.7,40.5,32.4,72.7,53.7,39.5,81.6,55.2,29.7,서초구,외식업/,80,55.9,34.2,76.9,56.1,31.7,79.1,50,38.2,서초구,외식업/,77.5,59.5,29.5,87.9,56.7,39.5,76.7,37.5,35.7,서초구,외식업/,73.3,59.5,28.9,85.7,50,36.6,75.6,44.4,38.1,서초구,외식업/,78.5,43.3,36.8,77.4,64.2,33.7,91.1,60,29.9,서초구,외식업/,83.1,44.3,34.5,79.6,62.8,35.1,91.3,59.3,31.4,서초구,외식업/,78.5,60,37.3,87,60.9,30.5,88.6,55.4,44,서초구,외식업/,78.3,66.2,35.6,91.8,55.4,28.6,79.5,58.3,51.4,서초구,외식업/,80.5,54.3,31.7,85.9,53.4,46,80.3,54.9,43.2,서초구,외식업/,84.4,48.9,35.1,79.7,56.8,52.4,85.4,61,35.6,서초구,외식업/,83.3,52.2,38,79.5,54.8,50,82.3,59.7,41.1,서초구,외식업/,88,55.6,41.8,76.8,55,47.1,82.2,61.3,43.4,서초구,외식업/,85.9,40.4,37.3,88.9,56.3,27.7,81.6,64.1,29.8,서초구,외식업/,86.7,44.4,29.7,87.8,60,32.9,80,70,31.5,서초구,외식업/,87.1,46.8,31.3,78.9,61.4,36.9,78.8,70,36.2,서초구,외식업/,87.3,59.6,30.4,83.3,60,28.1,85.5,68.3,45.6,서초구,외식업/,83.8,51.1,26.8,85,57.9,45.2,87.5,70.3,33.3,서초구,외식업/,88.2,46.3,28.2,87.9,64.3,32.4,81.4,67.6,34.1,서초구,외식업/,91.1,44.4,35,89.7,63.2,41,78,75.6,33.3,서초구,외식업/,89.1,52.9,34.3,88.9,65.9,33.3,77.8,63.6,47.1,서초구,외식업/,73.9,49.1,14.8,75.6,56.1,28.6,74.5,52.2,29.1,서초구,외식업/,77.4,38.3,12.2,76.2,48.7,37.3,75,54.8,23.4,서초구,외식업/,75,45.8,17,76.6,40.7,37.7,75,52.8,27.1,서초구,외식업/,76.7,46.3,22.4,76.7,46.2,30.8,86.8,44.2,29.3,서초구,외식업/,71.6,46.1,34.2,71.2,44.6,22.7,64.8,52.9,33.6,서초구,외식업/,69.4,44.7,31.6,71.3,53.2,21.9,70.2,51.9,34.2,서초구,외식업/,70,51,28.6,69.7,48.9,21.9,73,49.1,39.1,서초구,외식업/,70.1,50.4,24.6,68.3,49.5,24.8,69.4,54.2,37.8,서초구,외식업/,72.4,43.8,23.4,73.8,39.2,22.4,87.8,35.5,25.8,서초구,외식업/,74,34.7,24.7,82.4,42.6,28.4,85.7,38.4,19.4,서초구,외식업/,71.4,32,20.2,81.5,43.2,27.8,86.2,46.8,22.7,서초구,외식업/,75,34,21.2,88.5,42.9,28.6,75.7,53.9,23.4,서초구,외식업/,73.7,47,28.5,77.6,49.8,32.9,81.8,51.7,31.6,서초구,외식업/,78.1,46.8,29.5,78,52.5,34.3,80.8,50.8,31.6,서초구,외식업/,76.7,48.1,33.5,80.1,55,34.8,81,47.8,35.4,서초구,외식업/,77.9,49.8,32,79.8,53.8,32.5,75.9,48.8,38.3
,한식음식점,,,,,,,,,,,한식음식점,,,,,,,,,,,한식음식점,,,,,,,,,,,한식음식점,,,,,,,,,,,중식음식점,,,,,,,,,,,중식음식점,,,,,,,,,,,중식음식점,,,,,,,,,,,중식음식점,,,,,,,,,,,일식음식점,,,,,,,,,,,일식음식점,,,,,,,,,,,일식음식점,,,,,,,,,,,일식음식점,,,,,,,,,,,양식음식점,,,,,,,,,,,양식음식점,,,,,,,,,,,양식음식점,,,,,,,,,,,양식음식점,,,,,,,,,,,제과점,,,,,,,,,,,제과점,,,,,,,,,,,제과점,,,,,,,,,,,제과점,,,,,,,,,,,패스트푸드점,,,,,,,,,,,패스트푸드점,,,,,,,,,,,패스트푸드점,,,,,,,,,,,패스트푸드점,,,,,,,,,,,치킨전문점,,,,,,,,,,,치킨전문점,,,,,,,,,,,치킨전문점,,,,,,,,,,,치킨전문점,,,,,,,,,,,분식전문점,,,,,,,,,,,분식전문점,,,,,,,,,,,분식전문점,,,,,,,,,,,분식전문점,,,,,,,,,,,호프-간이주점,,,,,,,,,,,호프-간이주점,,,,,,,,,,,호프-간이주점,,,,,,,,,,,호프-간이주점,,,,,,,,,,,커피-음료,,,,,,,,,,,커피-음료,,,,,,,,,,,커피-음료,,,,,,,,,,,커피-음료,,,,,,,,,
강남구,외식업/,76.5,44.1,30.1,76.5,48.1,30.3,77.3,50.1,34.3,강남구,외식업/,77.1,46.8,28.8,77,48.2,32.5,78.8,52.4,35.2,강남구,외식업/,76.5,47,29.9,77.9,47.1,33.5,73.8,53.2,34.3,강남구,외식업/,75.9,47.7,30.8,77.3,48.8,33.9,74,53,35.8,강남구,외식업/,80.2,42.4,32.9,76.1,48.6,41.4,73.2,54.7,28.8,강남구,외식업/,79.8,47,28.8,75.5,49.3,39.4,70.5,52.1,34.8,강남구,외식업/,74,47.8,35.7,77.1,55.8,36.2,68.7,48,34.8,강남구,외식업/,75.9,52.9,39.7,78.1,54.9,30.9,66.2,50.9,45.6,강남구,외식업/,83.5,53.9,26.2,73,55.1,37.1,83.2,62.9,43.5,강남구,외식업/,80.5,55.9,26.2,74.7,57.5,33.5,85.7,64.9,45.2,강남구,외식업/,78.2,53.5,25.9,80.3,55.6,37.4,82.2,65.3,42.7,강남구,외식업/,78,54.5,30.4,84.6,61.3,40.3,79.6,60.4,43.3,강남구,외식업/,74.4,41.9,30,70.9,51.7,29.2,85.4,53.4,30.1,강남구,외식업/,69.7,44,31.5,77,55,28.5,85.3,51.6,32.1,강남구,외식업/,69.7,44.9,30.1,85.4,54.3,29.9,79.2,49.4,37.4,강남구,외식업/,74.4,48.7,30.1,86.3,54.1,27.8,74.6,48.8,40.1,강남구,외식업/,78.9,46.2,36.8,75,54.9,38.1,82.7,51.1,36.8,강남구,외식업/,79.1,47.2,34.4,77.3,56.2,39.8,84.9,53.8,35.8,강남구,외식업/,79.3,50,40.8,71,57.1,34.6,88.4,50.6,36.4,강남구,외식업/,80.7,51,40.2,74.3,52.5,36,87,50.6,38.8,강남구,외식업/,75.9,46.7,52.6,77,55.6,41,81.4,54,35.9,강남구,외식업/,81.9,50.5,58.5,78.9,52.7,36.8,79,55.3,37.4,강남구,외식업/,83.2,49.1,54.1,76.9,55.3,37.3,78.6,50.5,38,강남구,외식업/,82,49.5,46.8,79.2,55.7,41.5,76.7,49.5,35.8,강남구,외식업/,75.4,41.4,23.9,76.9,35.1,20.7,71.1,49.2,24.3,강남구,외식업/,82.8,39.4,21.1,77.2,42.5,24.1,70.3,53.4,25.4,강남구,외식업/,83.3,33.3,16.5,81.9,46.8,25.6,59.3,54.5,25.8,강남구,외식업/,82.6,36.9,18.3,75.7,47.4,19.5,67.3,59.4,26.2,강남구,외식업/,54.9,29.3,22,68.2,33.6,17.8,60,32.5,21.6,강남구,외식업/,56.7,33.3,21.8,69.5,30.3,18.1,59.9,38.2,23.5,강남구,외식업/,61.9,34.6,19.4,67.7,28.2,18.8,60.1,42,25.4,강남구,외식업/,64.2,34.8,18.7,62,30.1,20.1,64.7,43.9,26.8,강남구,외식업/,68.4,39,22.7,63.2,36.5,25.8,86,36.8,22.5,강남구,외식업/,69.4,36,25.7,66.8,37.9,26.3,87.3,37.2,20.9,강남구,외식업/,67,30.7,24.2,78.4,40,27.7,80.4,36.5,18.3,강남구,외식업/,63.9,33.3,25.7,86.1,38.5,25.1,71.7,36.1,20.4,강남구,외식업/,73.8,42.6,30.7,75.2,44.3,30.5,75.9,51.3,33.1,강남구,외식업/,75.1,42.7,31.1,75.4,47.5,32.7,77.6,52.6,33,강남구,외식업/,75.9,43.5,29.7,76.5,48,34.4,78.5,51.1,32.5,강남구,외식업/,77,40.9,28.9,75.1,51.9,34.6,79.6,49.8,30.7
,한식음식점,,,,,,,,,,,한식음식점,,,,,,,,,,,한식음식점,,,,,,,,,,,한식음식점,,,,,,,,,,,중식음식점,,,,,,,,,,,중식음식점,,,,,,,,,,,중식음식점,,,,,,,,,,,중식음식점,,,,,,,,,,,일식음식점,,,,,,,,,,,일식음식점,,,,,,,,,,,일식음식점,,,,,,,,,,,일식음식점,,,,,,,,,,,양식음식점,,,,,,,,,,,양식음식점,,,,,,,,,,,양식음식점,,,,,,,,,,,양식음식점,,,,,,,,,,,제과점,,,,,,,,,,,제과점,,,,,,,,,,,제과점,,,,,,,,,,,제과점,,,,,,,,,,,패스트푸드점,,,,,,,,,,,패스트푸드점,,,,,,,,,,,패스트푸드점,,,,,,,,,,,패스트푸드점,,,,,,,,,,,치킨전문점,,,,,,,,,,,치킨전문점,,,,,,,,,,,치킨전문점,,,,,,,,,,,치킨전문점,,,,,,,,,,,분식전문점,,,,,,,,,,,분식전문점,,,,,,,,,,,분식전문점,,,,,,,,,,,분식전문점,,,,,,,,,,,호프-간이주점,,,,,,,,,,,호프-간이주점,,,,,,,,,,,호프-간이주점,,,,,,,,,,,호프-간이주점,,,,,,,,,,,커피-음료,,,,,,,,,,,커피-음료,,,,,,,,,,,커피-음료,,,,,,,,,,,커피-음료,,,,,,,,,
송파구,외식업/,74.3,48,31.1,74.3,45.2,34.6,77.2,53.4,36.8,송파구,외식업/,74.3,48.1,34.6,73.7,48,34.3,78.3,54.8,36.5,송파구,외식업/,73.8,47,34.2,77.2,49.7,36.5,72.7,50.9,34.8,송파구,외식업/,73.2,47.1,33.6,76.7,52.2,37.4,71.8,48.6,35.5,송파구,외식업/,80,67.3,33.3,74,59.5,30,83.3,41.8,49,송파구,외식업/,74.1,62.7,31.4,80.5,52.3,32.6,73.8,38.9,43.1,송파구,외식업/,77.6,59.3,26.5,82.5,44.2,40.4,66.7,48.3,37,송파구,외식업/,78,56.6,26.1,83.7,46.7,47.4,59.4,40.7,35.8,송파구,외식업/,65.5,52.3,35.6,83,48.8,26.9,82.4,47.8,43,송파구,외식업/,69.7,56.9,29.1,85.6,44.7,35.6,82.8,52.3,45.7,송파구,외식업/,71.9,54.5,30.9,84.1,50,33.3,78.8,54.2,40.7,송파구,외식업/,81.2,53.7,27.4,82.9,45.8,37.4,80.7,60.4,39.8,송파구,외식업/,84.2,50.7,38.8,76.3,52.2,43.8,83.9,63.2,38.8,송파구,외식업/,85,47.9,47.1,72.1,57.1,38,85.3,59,38.4,송파구,외식업/,81.7,56.5,48,76.5,56.8,36.5,84.9,52.3,44.7,송파구,외식업/,80.9,53.3,40,81.2,60,36.8,80.2,55.5,41.3,송파구,외식업/,78.5,41.6,39.2,67,47.1,38.5,84.4,53.2,28.1,송파구,외식업/,75,41.5,36.5,67.1,46.7,40,84.7,51.3,28.7,송파구,외식업/,70.1,39.8,38.6,77.1,53,40,79.2,41.4,26.5,송파구,외식업/,67.4,38.9,36.8,84.7,58.9,34.7,77.9,38.9,26.3,송파구,외식업/,77.3,55.6,46.7,81.9,48.5,35.9,82.4,57.3,34.7,송파구,외식업/,80.3,51.9,45.5,80.5,50.7,34.9,86.7,60.6,33.8,송파구,외식업/,82.6,50,42.1,82.6,50,30.2,77.2,58,38.4,송파구,외식업/,81.5,44.3,43.6,80.8,52.9,34,75.9,56.8,32.9,송파구,외식업/,77.6,41.1,19.4,70.7,30,30.2,72.4,44.7,27.4,송파구,외식업/,79.8,36.1,32.4,67,33.3,17.7,79.1,46.1,30.9,송파구,외식업/,77.4,35.6,31.8,68.4,42,16.2,71.8,43,32.2,송파구,외식업/,67.8,33.7,26.3,68.3,50.6,18.5,64.1,34.5,27,송파구,외식업/,72.1,33,20,68.1,43.4,20.2,61.7,44.8,22.7,송파구,외식업/,72.1,35.8,16.4,63.9,43,19.5,64,48.7,27.3,송파구,외식업/,69.7,36.2,16.7,61.7,44.8,20.7,62.7,46.1,27.1,송파구,외식업/,70.2,40.9,16.7,62.8,44,20.9,61.9,40.3,30.1,송파구,외식업/,66,41.4,21,75.2,40.1,27,68.5,42.7,23.7,송파구,외식업/,76.7,38.3,25.3,68.5,41.1,26.6,67.2,47.7,20.4,송파구,외식업/,75,37.6,26.7,71.4,37.1,22.9,54.5,49,20.6,송파구,외식업/,77.6,37,27,70.1,44,21.5,67.4,43.9,20.6,송파구,외식업/,71.1,38.7,31,75.1,50.3,29.4,74.2,46.7,29.9,송파구,외식업/,73.9,40.6,31.3,78.2,51.8,29.6,75.3,47.7,31.3,송파구,외식업/,76.2,41.8,33.8,77.8,47.8,29.4,74.9,51.4,31.5,송파구,외식업/,77,47.8,32,75,45.2,29,75.7,52.1,35.2
,한식음식점,,,,,,,,,,,한식음식점,,,,,,,,,,,한식음식점,,,,,,,,,,,한식음식점,,,,,,,,,,,중식음식점,,,,,,,,,,,중식음식점,,,,,,,,,,,중식음식점,,,,,,,,,,,중식음식점,,,,,,,,,,,일식음식점,,,,,,,,,,,일식음식점,,,,,,,,,,,일식음식점,,,,,,,,,,,일식음식점,,,,,,,,,,,양식음식점,,,,,,,,,,,양식음식점,,,,,,,,,,,양식음식점,,,,,,,,,,,양식음식점,,,,,,,,,,,제과점,,,,,,,,,,,제과점,,,,,,,,,,,제과점,,,,,,,,,,,제과점,,,,,,,,,,,패스트푸드점,,,,,,,,,,,패스트푸드점,,,,,,,,,,,패스트푸드점,,,,,,,,,,,패스트푸드점,,,,,,,,,,,치킨전문점,,,,,,,,,,,치킨전문점,,,,,,,,,,,치킨전문점,,,,,,,,,,,치킨전문점,,,,,,,,,,,분식전문점,,,,,,,,,,,분식전문점,,,,,,,,,,,분식전문점,,,,,,,,,,,분식전문점,,,,,,,,,,,호프-간이주점,,,,,,,,,,,호프-간이주점,,,,,,,,,,,호프-간이주점,,,,,,,,,,,호프-간이주점,,,,,,,,,,,커피-음료,,,,,,,,,,,커피-음료,,,,,,,,,,,커피-음료,,,,,,,,,,,커피-음료,,,,,,,,,
강동구,외식업/,72.4,41.4,24.5,74.5,47.7,31,75.1,52.9,32.2,강동구,외식업/,73.8,43.3,26.6,74.1,50.3,31.1,72,53.2,33.4,강동구,외식업/,73,44.7,27.8,74.5,51.2,31.8,68,52.4,34.3,강동구,외식업/,74.7,47.6,29.3,75.6,50.4,31.5,70.5,50.7,38,강동구,외식업/,78.6,34.4,29.4,76.7,50,20.5,83.3,53.6,25,강동구,외식업/,85.3,48.4,42.1,82.6,43.5,17.1,75.6,55.9,38.7,강동구,외식업/,84.8,34.8,37.5,87.1,42.3,22.7,75,48.5,26.1,강동구,외식업/,86.7,41.9,31.3,80.5,50,18.9,71.4,50,32.3,강동구,외식업/,77.1,42.9,10,90,40,21.4,88.5,56.3,28.6,강동구,외식업/,72.7,41.5,21.1,88.7,47.1,16.3,83.9,54.5,32.1,강동구,외식업/,78.8,49.1,18.4,88.7,41.9,13.3,77.2,59.6,37.7,강동구,외식업/,82.7,43.8,17.9,89.3,62.2,22.7,67.9,55.8,33.3,강동구,외식업/,84.2,55.3,17.4,78,46.2,32.3,74.5,47.4,42.1,강동구,외식업/,75,45.7,19.4,72.7,52.6,37.9,74.5,52.5,40,강동구,외식업/,67.4,47.6,18.2,81.5,46.7,44,75,44.2,45.2,강동구,외식업/,76.1,45.7,31.3,75.5,46.9,42.1,72,52.2,40,강동구,외식업/,64.6,40.9,25.8,64.7,62,31,81.1,41.5,25,강동구,외식업/,67.2,51.1,18.2,70,59.6,27.5,82,41.4,38.3,강동구,외식업/,60.4,51,22.2,82.2,58.7,30,82,29.2,38.8,강동구,외식업/,60,60,19.4,81.3,51.4,29.2,84.9,27.5,46.7,강동구,외식업/,92.1,42.5,33.3,72.7,55.9,43.5,77.2,55.3,35,강동구,외식업/,93.9,52.6,31.3,72.2,53.8,44.7,76.3,45.5,36.8,강동구,외식업/,78.8,54.8,28.6,69,58.5,50,74.3,36.4,29,강동구,외식업/,81.6,54.5,35,73.3,57.5,46.3,72.9,47.4,27.3,강동구,외식업/,57.4,46.6,30,67.5,37.5,21.5,79.3,35.2,31,강동구,외식업/,70,46,29.7,65.3,29.2,21.3,77.6,46.7,32,강동구,외식업/,65.1,42,25.4,72.2,33.3,23.2,65.8,39.7,30,강동구,외식업/,68.9,39.5,21.2,73.9,32.1,30.5,63.8,39.3,23.3,강동구,외식업/,64.3,35,27,82.7,39.6,19,71.1,38.1,28.5,강동구,외식업/,61.1,36.2,24.3,80.6,37.1,20.5,69.6,47.2,29.2,강동구,외식업/,66.3,38.5,24.8,75.2,34.1,22.7,67.7,54.7,30.8,강동구,외식업/,76,41.5,19.5,75.3,35.8,25.8,61.4,53,29.2,강동구,외식업/,52.1,39.4,17.1,69,28.7,17.6,72,22.3,27.7,강동구,외식업/,58.5,39.4,22.8,73,23.6,15.1,70.8,28.7,28.2,강동구,외식업/,66.7,33.5,20.9,73.4,26.8,19.8,62.5,31.1,19.9,강동구,외식업/,65,29.4,20.6,72.4,27.3,24.1,65.8,31.3,14.7,강동구,외식업/,72.2,40,28.8,82.7,43.4,33.3,81.5,48.7,28.3,강동구,외식업/,74.5,46,23,81.7,47.6,36.6,81.7,52.3,30.2,강동구,외식업/,79.9,41.1,29,80.3,50,31.4,83.8,54.5,28.2,강동구,외식업/,81.7,45.1,29.7,82.1,48.3,27.9,80.1,54.4,33.8
,한식음식점,,,,,,,,,,,한식음식점,,,,,,,,,,,한식음식점,,,,,,,,,,,한식음식점,,,,,,,,,,,중식음식점,,,,,,,,,,,중식음식점,,,,,,,,,,,중식음식점,,,,,,,,,,,중식음식점,,,,,,,,,,,일식음식점,,,,,,,,,,,일식음식점,,,,,,,,,,,일식음식점,,,,,,,,,,,일식음식점,,,,,,,,,,,양식음식점,,,,,,,,,,,양식음식점,,,,,,,,,,,양식음식점,,,,,,,,,,,양식음식점,,,,,,,,,,,제과점,,,,,,,,,,,제과점,,,,,,,,,,,제과점,,,,,,,,,,,제과점,,,,,,,,,,,패스트푸드점,,,,,,,,,,,패스트푸드점,,,,,,,,,,,패스트푸드점,,,,,,,,,,,패스트푸드점,,,,,,,,,,,치킨전문점,,,,,,,,,,,치킨전문점,,,,,,,,,,,치킨전문점,,,,,,,,,,,치킨전문점,,,,,,,,,,,분식전문점,,,,,,,,,,,분식전문점,,,,,,,,,,,분식전문점,,,,,,,,,,,분식전문점,,,,,,,,,,,호프-간이주점,,,,,,,,,,,호프-간이주점,,,,,,,,,,,호프-간이주점,,,,,,,,,,,호프-간이주점,,,,,,,,,,,커피-음료,,,,,,,,,,,커피-음료,,,,,,,,,,,커피-음료,,,,,,,,,,,커피-음료,,,,,,,,,
