행정구역,생활밀접업종,2021년 1분기,2021년 1분기,2021년 1분기,2022년 1분기,2022년 1분기,2022년 1분기,2023년 1분기,2023년 1분기,2023년 1분기
행정구역,생활밀접업종,전체 점포수,프랜차이즈 점포수,일반 점포수,전체 점포수,프랜차이즈 점포수,일반 점포수,전체 점포수,프랜차이즈 점포수,일반 점포수
행정구역,Unnamed: 1_level_2,Unnamed: 2_level_2,Unnamed: 3_level_2,Unnamed: 4_level_2,Unnamed: 5_level_2,Unnamed: 6_level_2,Unnamed: 7_level_2,Unnamed: 8_level_2,Unnamed: 9_level_2,Unnamed: 10_level_2
하위 메뉴 펼침서울시 전체,서비스업/ 일반교습학원,15483,1295,14188,16267,1363,14904,15121,1263,13858
하위 메뉴 펼침종로구,서비스업/ 일반교습학원,215,9,206,219,8,211,212,8,204
하위 메뉴 펼침중구,서비스업/ 일반교습학원,118,8,110,122,9,113,120,7,113
하위 메뉴 펼침용산구,서비스업/ 일반교습학원,185,20,165,204,22,182,191,21,170
하위 메뉴 펼침성동구,서비스업/ 일반교습학원,343,34,309,359,35,324,347,34,313
하위 메뉴 펼침광진구,서비스업/ 일반교습학원,466,44,422,492,48,444,462,44,418
하위 메뉴 펼침동대문구,서비스업/ 일반교습학원,404,56,348,429,60,369,393,58,335
하위 메뉴 펼침중랑구,서비스업/ 일반교습학원,365,45,320,385,49,336,343,52,291
하위 메뉴 펼침성북구,서비스업/ 일반교습학원,626,59,567,657,57,600,617,57,560
하위 메뉴 펼침강북구,서비스업/ 일반교습학원,287,31,256,295,27,268,277,23,254
하위 메뉴 펼침도봉구,서비스업/ 일반교습학원,401,32,369,414,33,381,388,34,354
하위 메뉴 펼침노원구,서비스업/ 일반교습학원,1049,63,986,1106,69,1037,1007,65,942
하위 메뉴 펼침은평구,서비스업/ 일반교습학원,657,72,585,687,77,610,635,71,564
하위 메뉴 펼침서대문구,서비스업/ 일반교습학원,431,39,392,448,41,407,421,37,384
하위 메뉴 펼침마포구,서비스업/ 일반교습학원,651,62,589,683,65,618,638,56,582
하위 메뉴 펼침양천구,서비스업/ 일반교습학원,1420,103,1317,1483,109,1374,1350,90,1260
하위 메뉴 펼침강서구,서비스업/ 일반교습학원,835,93,742,895,95,800,825,90,735
하위 메뉴 펼침구로구,서비스업/ 일반교습학원,448,53,395,484,57,427,446,55,391
하위 메뉴 펼침금천구,서비스업/ 일반교습학원,211,16,195,225,20,205,204,21,183
하위 메뉴 펼침영등포구,서비스업/ 일반교습학원,438,35,403,463,39,424,437,37,400
하위 메뉴 펼침동작구,서비스업/ 일반교습학원,555,48,507,563,47,516,521,41,480
하위 메뉴 펼침관악구,서비스업/ 일반교습학원,450,39,411,478,42,436,439,38,401
하위 메뉴 펼침서초구,서비스업/ 일반교습학원,1093,58,1035,1120,59,1061,1076,54,1022
하위 메뉴 펼침강남구,서비스업/ 일반교습학원,1994,95,1899,2104,98,2006,1966,87,1879
하위 메뉴 펼침송파구,서비스업/ 일반교습학원,1091,107,984,1138,115,1023,1048,110,938
하위 메뉴 펼침강동구,서비스업/ 일반교습학원,750,74,676,814,82,732,758,73,685
하위 메뉴 펼침서울시 전체,서비스업/ 외국어학원,3528,262,3266,3870,298,3572,5394,410,4984
하위 메뉴 펼침종로구,서비스업/ 외국어학원,77,1,76,88,1,87,92,1,91
하위 메뉴 펼침중구,서비스업/ 외국어학원,39,2,37,42,0,42,47,1,46
하위 메뉴 펼침용산구,서비스업/ 외국어학원,54,3,51,65,3,62,79,4,75
하위 메뉴 펼침성동구,서비스업/ 외국어학원,75,2,73,93,4,89,125,7,118
하위 메뉴 펼침광진구,서비스업/ 외국어학원,80,6,74,87,6,81,133,11,122
하위 메뉴 펼침동대문구,서비스업/ 외국어학원,82,7,75,97,7,90,144,16,128
하위 메뉴 펼침중랑구,서비스업/ 외국어학원,52,5,47,63,6,57,88,10,78
하위 메뉴 펼침성북구,서비스업/ 외국어학원,113,10,103,106,7,99,177,10,167
하위 메뉴 펼침강북구,서비스업/ 외국어학원,48,6,42,51,6,45,78,8,70
하위 메뉴 펼침도봉구,서비스업/ 외국어학원,65,6,59,71,5,66,98,6,92
하위 메뉴 펼침노원구,서비스업/ 외국어학원,207,14,193,229,17,212,324,24,300
하위 메뉴 펼침은평구,서비스업/ 외국어학원,109,14,95,129,13,116,218,19,199
하위 메뉴 펼침서대문구,서비스업/ 외국어학원,94,6,88,105,7,98,143,8,135
하위 메뉴 펼침마포구,서비스업/ 외국어학원,158,8,150,165,12,153,238,20,218
하위 메뉴 펼침양천구,서비스업/ 외국어학원,236,17,219,265,22,243,390,27,363
하위 메뉴 펼침강서구,서비스업/ 외국어학원,174,17,157,190,19,171,285,28,257
하위 메뉴 펼침구로구,서비스업/ 외국어학원,103,11,92,111,11,100,165,15,150
하위 메뉴 펼침금천구,서비스업/ 외국어학원,49,8,41,51,7,44,69,7,62
하위 메뉴 펼침영등포구,서비스업/ 외국어학원,108,11,97,126,14,112,172,21,151
하위 메뉴 펼침동작구,서비스업/ 외국어학원,128,14,114,142,17,125,190,23,167
하위 메뉴 펼침관악구,서비스업/ 외국어학원,81,5,76,96,10,86,120,10,110
하위 메뉴 펼침서초구,서비스업/ 외국어학원,318,14,304,347,17,330,448,27,421
하위 메뉴 펼침강남구,서비스업/ 외국어학원,620,22,598,666,27,639,874,30,844
하위 메뉴 펼침송파구,서비스업/ 외국어학원,291,34,257,288,37,251,436,49,387
하위 메뉴 펼침강동구,서비스업/ 외국어학원,167,19,148,197,23,174,261,28,233
하위 메뉴 펼침서울시 전체,서비스업/ 예술학원,7410,300,7110,7783,317,7466,7897,339,7558
하위 메뉴 펼침종로구,서비스업/ 예술학원,125,3,122,132,3,129,136,4,132
하위 메뉴 펼침중구,서비스업/ 예술학원,67,2,65,69,2,67,74,2,72
하위 메뉴 펼침용산구,서비스업/ 예술학원,122,4,118,133,4,129,128,3,125
하위 메뉴 펼침성동구,서비스업/ 예술학원,221,15,206,236,19,217,233,20,213
하위 메뉴 펼침광진구,서비스업/ 예술학원,252,9,243,259,11,248,251,11,240
하위 메뉴 펼침동대문구,서비스업/ 예술학원,207,10,197,226,11,215,221,12,209
하위 메뉴 펼침중랑구,서비스업/ 예술학원,205,4,201,214,5,209,220,8,212
하위 메뉴 펼침성북구,서비스업/ 예술학원,310,16,294,319,15,304,322,17,305
하위 메뉴 펼침강북구,서비스업/ 예술학원,152,4,148,156,5,151,150,5,145
하위 메뉴 펼침도봉구,서비스업/ 예술학원,193,5,188,199,4,195,210,6,204
하위 메뉴 펼침노원구,서비스업/ 예술학원,401,15,386,413,14,399,415,14,401
하위 메뉴 펼침은평구,서비스업/ 예술학원,304,11,293,315,14,301,323,15,308
하위 메뉴 펼침서대문구,서비스업/ 예술학원,223,8,215,235,12,223,248,13,235
하위 메뉴 펼침마포구,서비스업/ 예술학원,456,17,439,493,17,476,500,17,483
하위 메뉴 펼침양천구,서비스업/ 예술학원,457,19,438,465,19,446,479,20,459
하위 메뉴 펼침강서구,서비스업/ 예술학원,416,26,390,434,27,407,456,30,426
하위 메뉴 펼침구로구,서비스업/ 예술학원,266,11,255,280,13,267,280,14,266
하위 메뉴 펼침금천구,서비스업/ 예술학원,159,7,152,167,5,162,165,5,160
하위 메뉴 펼침영등포구,서비스업/ 예술학원,279,14,265,302,16,286,305,16,289
하위 메뉴 펼침동작구,서비스업/ 예술학원,232,9,223,248,9,239,252,9,243
하위 메뉴 펼침관악구,서비스업/ 예술학원,289,12,277,300,13,287,302,13,289
하위 메뉴 펼침서초구,서비스업/ 예술학원,493,16,477,525,16,509,531,17,514
하위 메뉴 펼침강남구,서비스업/ 예술학원,677,22,655,707,21,686,704,22,682
하위 메뉴 펼침송파구,서비스업/ 예술학원,566,21,545,596,21,575,617,24,593
하위 메뉴 펼침강동구,서비스업/ 예술학원,338,20,318,360,21,339,375,22,353
하위 메뉴 펼침서울시 전체,서비스업/ 컴퓨터학원,349,5,344,367,5,362,342,3,339
하위 메뉴 펼침종로구,서비스업/ 컴퓨터학원,26,0,26,27,0,27,26,0,26
하위 메뉴 펼침중구,서비스업/ 컴퓨터학원,4,0,4,5,0,5,5,0,5
하위 메뉴 펼침용산구,서비스업/ 컴퓨터학원,4,0,4,6,0,6,6,1,5
하위 메뉴 펼침성동구,서비스업/ 컴퓨터학원,9,0,9,10,0,10,10,0,10
하위 메뉴 펼침광진구,서비스업/ 컴퓨터학원,11,0,11,11,0,11,10,0,10
하위 메뉴 펼침동대문구,서비스업/ 컴퓨터학원,5,0,5,5,0,5,5,0,5
하위 메뉴 펼침중랑구,서비스업/ 컴퓨터학원,7,0,7,7,0,7,5,0,5
하위 메뉴 펼침성북구,서비스업/ 컴퓨터학원,4,0,4,4,0,4,4,0,4
하위 메뉴 펼침강북구,서비스업/ 컴퓨터학원,9,0,9,9,0,9,9,0,9
하위 메뉴 펼침도봉구,서비스업/ 컴퓨터학원,6,0,6,8,0,8,6,0,6
하위 메뉴 펼침노원구,서비스업/ 컴퓨터학원,16,0,16,19,0,19,16,0,16
하위 메뉴 펼침은평구,서비스업/ 컴퓨터학원,9,0,9,10,0,10,10,0,10
하위 메뉴 펼침서대문구,서비스업/ 컴퓨터학원,14,0,14,14,0,14,10,0,10
하위 메뉴 펼침마포구,서비스업/ 컴퓨터학원,29,0,29,27,0,27,26,0,26
하위 메뉴 펼침양천구,서비스업/ 컴퓨터학원,15,1,14,15,1,14,14,0,14
하위 메뉴 펼침강서구,서비스업/ 컴퓨터학원,16,0,16,16,0,16,14,0,14
하위 메뉴 펼침구로구,서비스업/ 컴퓨터학원,17,0,17,16,0,16,16,0,16
하위 메뉴 펼침금천구,서비스업/ 컴퓨터학원,9,0,9,10,0,10,10,0,10
하위 메뉴 펼침영등포구,서비스업/ 컴퓨터학원,16,0,16,17,0,17,16,0,16
하위 메뉴 펼침동작구,서비스업/ 컴퓨터학원,11,1,10,12,1,11,11,1,10
하위 메뉴 펼침관악구,서비스업/ 컴퓨터학원,14,0,14,13,0,13,12,0,12
하위 메뉴 펼침서초구,서비스업/ 컴퓨터학원,30,1,29,34,1,33,32,0,32
하위 메뉴 펼침강남구,서비스업/ 컴퓨터학원,42,2,40,45,2,43,42,1,41
하위 메뉴 펼침송파구,서비스업/ 컴퓨터학원,18,0,18,18,0,18,18,0,18
하위 메뉴 펼침강동구,서비스업/ 컴퓨터학원,8,0,8,9,0,9,9,0,9
하위 메뉴 펼침서울시 전체,서비스업/ 스포츠 강습,4832,190,4642,5339,186,5153,5880,184,5696
하위 메뉴 펼침종로구,서비스업/ 스포츠 강습,101,4,97,106,4,102,111,6,105
하위 메뉴 펼침중구,서비스업/ 스포츠 강습,72,8,64,71,9,62,79,9,70
하위 메뉴 펼침용산구,서비스업/ 스포츠 강습,129,3,126,147,3,144,178,3,175
하위 메뉴 펼침성동구,서비스업/ 스포츠 강습,160,9,151,174,5,169,186,5,181
하위 메뉴 펼침광진구,서비스업/ 스포츠 강습,168,5,163,191,5,186,213,5,208
하위 메뉴 펼침동대문구,서비스업/ 스포츠 강습,138,7,131,149,6,143,167,5,162
하위 메뉴 펼침중랑구,서비스업/ 스포츠 강습,131,4,127,152,5,147,165,6,159
하위 메뉴 펼침성북구,서비스업/ 스포츠 강습,191,4,187,214,4,210,232,5,227
하위 메뉴 펼침강북구,서비스업/ 스포츠 강습,108,2,106,113,3,110,124,3,121
하위 메뉴 펼침도봉구,서비스업/ 스포츠 강습,132,3,129,141,3,138,152,3,149
하위 메뉴 펼침노원구,서비스업/ 스포츠 강습,220,5,215,240,5,235,254,6,248
하위 메뉴 펼침은평구,서비스업/ 스포츠 강습,189,6,183,210,6,204,233,5,228
하위 메뉴 펼침서대문구,서비스업/ 스포츠 강습,135,4,131,151,4,147,166,5,161
하위 메뉴 펼침마포구,서비스업/ 스포츠 강습,244,13,231,274,13,261,311,12,299
하위 메뉴 펼침양천구,서비스업/ 스포츠 강습,218,10,208,238,9,229,257,9,248
하위 메뉴 펼침강서구,서비스업/ 스포츠 강습,273,14,259,325,12,313,369,8,361
하위 메뉴 펼침구로구,서비스업/ 스포츠 강습,164,4,160,166,3,163,187,3,184
하위 메뉴 펼침금천구,서비스업/ 스포츠 강습,91,4,87,99,4,95,101,4,97
하위 메뉴 펼침영등포구,서비스업/ 스포츠 강습,204,13,191,218,9,209,253,10,243
하위 메뉴 펼침동작구,서비스업/ 스포츠 강습,135,4,131,160,6,154,171,6,165
하위 메뉴 펼침관악구,서비스업/ 스포츠 강습,186,8,178,204,9,195,220,9,211
하위 메뉴 펼침서초구,서비스업/ 스포츠 강습,342,15,327,381,16,365,415,18,397
하위 메뉴 펼침강남구,서비스업/ 스포츠 강습,513,17,496,570,17,553,623,13,610
하위 메뉴 펼침송파구,서비스업/ 스포츠 강습,361,12,349,397,14,383,448,14,434
하위 메뉴 펼침강동구,서비스업/ 스포츠 강습,227,12,215,248,12,236,265,12,253
하위 메뉴 펼침서울시 전체,서비스업/ 일반의원,9188,37,9151,9447,38,9409,9708,40,9668
하위 메뉴 펼침종로구,서비스업/ 일반의원,195,0,195,198,0,198,205,0,205
하위 메뉴 펼침중구,서비스업/ 일반의원,241,0,241,243,0,243,252,0,252
하위 메뉴 펼침용산구,서비스업/ 일반의원,154,0,154,160,0,160,165,0,165
하위 메뉴 펼침성동구,서비스업/ 일반의원,227,1,226,236,1,235,241,2,239
하위 메뉴 펼침광진구,서비스업/ 일반의원,276,0,276,284,0,284,290,0,290
하위 메뉴 펼침동대문구,서비스업/ 일반의원,253,1,252,254,1,253,262,1,261
하위 메뉴 펼침중랑구,서비스업/ 일반의원,261,2,259,267,2,265,273,1,272
하위 메뉴 펼침성북구,서비스업/ 일반의원,270,9,261,272,9,263,279,9,270
하위 메뉴 펼침강북구,서비스업/ 일반의원,233,3,230,232,3,229,238,4,234
하위 메뉴 펼침도봉구,서비스업/ 일반의원,164,0,164,163,0,163,168,0,168
하위 메뉴 펼침노원구,서비스업/ 일반의원,366,0,366,379,0,379,388,0,388
하위 메뉴 펼침은평구,서비스업/ 일반의원,335,1,334,343,1,342,340,1,339
하위 메뉴 펼침서대문구,서비스업/ 일반의원,222,1,221,223,1,222,224,1,223
하위 메뉴 펼침마포구,서비스업/ 일반의원,396,0,396,408,0,408,419,0,419
하위 메뉴 펼침양천구,서비스업/ 일반의원,310,2,308,315,2,313,328,2,326
하위 메뉴 펼침강서구,서비스업/ 일반의원,425,0,425,441,0,441,457,2,455
하위 메뉴 펼침구로구,서비스업/ 일반의원,274,2,272,280,2,278,297,2,295
하위 메뉴 펼침금천구,서비스업/ 일반의원,166,1,165,167,0,167,172,0,172
하위 메뉴 펼침영등포구,서비스업/ 일반의원,371,3,368,372,4,368,386,4,382
하위 메뉴 펼침동작구,서비스업/ 일반의원,280,2,278,277,2,275,283,2,281
하위 메뉴 펼침관악구,서비스업/ 일반의원,330,3,327,335,3,332,349,1,348
하위 메뉴 펼침서초구,서비스업/ 일반의원,712,0,712,747,0,747,781,0,781
하위 메뉴 펼침강남구,서비스업/ 일반의원,1743,4,1739,1838,5,1833,1874,5,1869
하위 메뉴 펼침송파구,서비스업/ 일반의원,600,2,598,611,2,609,618,3,615
하위 메뉴 펼침강동구,서비스업/ 일반의원,384,0,384,402,0,402,419,0,419
하위 메뉴 펼침서울시 전체,서비스업/ 치과의원,4984,2,4982,5004,2,5002,5005,2,5003
하위 메뉴 펼침종로구,서비스업/ 치과의원,171,0,171,159,0,159,160,0,160
하위 메뉴 펼침중구,서비스업/ 치과의원,211,0,211,209,0,209,203,0,203
하위 메뉴 펼침용산구,서비스업/ 치과의원,110,0,110,107,0,107,105,0,105
하위 메뉴 펼침성동구,서비스업/ 치과의원,127,0,127,124,0,124,123,0,123
하위 메뉴 펼침광진구,서비스업/ 치과의원,160,0,160,162,0,162,160,0,160
하위 메뉴 펼침동대문구,서비스업/ 치과의원,152,0,152,153,0,153,160,0,160
하위 메뉴 펼침중랑구,서비스업/ 치과의원,159,0,159,161,0,161,164,0,164
하위 메뉴 펼침성북구,서비스업/ 치과의원,150,1,149,153,1,152,154,1,153
하위 메뉴 펼침강북구,서비스업/ 치과의원,132,0,132,135,0,135,134,0,134
하위 메뉴 펼침도봉구,서비스업/ 치과의원,107,0,107,108,0,108,107,0,107
하위 메뉴 펼침노원구,서비스업/ 치과의원,203,0,203,207,0,207,207,0,207
하위 메뉴 펼침은평구,서비스업/ 치과의원,186,0,186,188,0,188,193,0,193
하위 메뉴 펼침서대문구,서비스업/ 치과의원,127,0,127,132,0,132,136,0,136
하위 메뉴 펼침마포구,서비스업/ 치과의원,202,0,202,201,0,201,202,0,202
하위 메뉴 펼침양천구,서비스업/ 치과의원,182,0,182,188,0,188,184,0,184
하위 메뉴 펼침강서구,서비스업/ 치과의원,231,0,231,244,0,244,246,0,246
하위 메뉴 펼침구로구,서비스업/ 치과의원,175,0,175,175,0,175,177,0,177
하위 메뉴 펼침금천구,서비스업/ 치과의원,106,0,106,107,0,107,109,0,109
하위 메뉴 펼침영등포구,서비스업/ 치과의원,241,0,241,241,0,241,236,0,236
하위 메뉴 펼침동작구,서비스업/ 치과의원,182,0,182,179,0,179,177,0,177
하위 메뉴 펼침관악구,서비스업/ 치과의원,210,0,210,212,0,212,214,0,214
하위 메뉴 펼침서초구,서비스업/ 치과의원,318,1,317,315,1,314,309,1,308
하위 메뉴 펼침강남구,서비스업/ 치과의원,580,0,580,571,0,571,570,0,570
하위 메뉴 펼침송파구,서비스업/ 치과의원,335,0,335,342,0,342,342,0,342
하위 메뉴 펼침강동구,서비스업/ 치과의원,227,0,227,231,0,231,233,0,233
하위 메뉴 펼침서울시 전체,서비스업/ 한의원,3763,0,3763,3746,0,3746,3758,0,3758
하위 메뉴 펼침종로구,서비스업/ 한의원,126,0,126,125,0,125,123,0,123
하위 메뉴 펼침중구,서비스업/ 한의원,104,0,104,107,0,107,102,0,102
하위 메뉴 펼침용산구,서비스업/ 한의원,64,0,64,64,0,64,64,0,64
하위 메뉴 펼침성동구,서비스업/ 한의원,102,0,102,102,0,102,102,0,102
하위 메뉴 펼침광진구,서비스업/ 한의원,122,0,122,121,0,121,122,0,122
하위 메뉴 펼침동대문구,서비스업/ 한의원,180,0,180,171,0,171,168,0,168
하위 메뉴 펼침중랑구,서비스업/ 한의원,116,0,116,115,0,115,117,0,117
하위 메뉴 펼침성북구,서비스업/ 한의원,125,0,125,119,0,119,120,0,120
하위 메뉴 펼침강북구,서비스업/ 한의원,96,0,96,94,0,94,95,0,95
하위 메뉴 펼침도봉구,서비스업/ 한의원,85,0,85,87,0,87,85,0,85
하위 메뉴 펼침노원구,서비스업/ 한의원,160,0,160,156,0,156,156,0,156
하위 메뉴 펼침은평구,서비스업/ 한의원,152,0,152,153,0,153,157,0,157
하위 메뉴 펼침서대문구,서비스업/ 한의원,90,0,90,92,0,92,90,0,90
하위 메뉴 펼침마포구,서비스업/ 한의원,157,0,157,157,0,157,158,0,158
하위 메뉴 펼침양천구,서비스업/ 한의원,153,0,153,153,0,153,156,0,156
하위 메뉴 펼침강서구,서비스업/ 한의원,202,0,202,197,0,197,204,0,204
하위 메뉴 펼침구로구,서비스업/ 한의원,114,0,114,115,0,115,116,0,116
하위 메뉴 펼침금천구,서비스업/ 한의원,74,0,74,75,0,75,76,0,76
하위 메뉴 펼침영등포구,서비스업/ 한의원,154,0,154,154,0,154,151,0,151
하위 메뉴 펼침동작구,서비스업/ 한의원,133,0,133,134,0,134,136,0,136
하위 메뉴 펼침관악구,서비스업/ 한의원,153,0,153,153,0,153,149,0,149
하위 메뉴 펼침서초구,서비스업/ 한의원,261,0,261,257,0,257,262,0,262
하위 메뉴 펼침강남구,서비스업/ 한의원,388,0,388,396,0,396,392,0,392
하위 메뉴 펼침송파구,서비스업/ 한의원,256,0,256,258,0,258,261,0,261
하위 메뉴 펼침강동구,서비스업/ 한의원,196,0,196,191,0,191,196,0,196
하위 메뉴 펼침서울시 전체,서비스업/ 동물병원,897,11,886,908,12,896,917,12,905
하위 메뉴 펼침종로구,서비스업/ 동물병원,8,0,8,8,0,8,9,0,9
하위 메뉴 펼침중구,서비스업/ 동물병원,20,0,20,21,0,21,21,0,21
하위 메뉴 펼침용산구,서비스업/ 동물병원,28,0,28,29,0,29,29,0,29
하위 메뉴 펼침성동구,서비스업/ 동물병원,35,0,35,34,0,34,33,0,33
하위 메뉴 펼침광진구,서비스업/ 동물병원,35,1,34,32,1,31,30,1,29
하위 메뉴 펼침동대문구,서비스업/ 동물병원,28,0,28,29,0,29,30,0,30
하위 메뉴 펼침중랑구,서비스업/ 동물병원,33,0,33,34,0,34,33,0,33
하위 메뉴 펼침성북구,서비스업/ 동물병원,36,0,36,33,0,33,33,0,33
하위 메뉴 펼침강북구,서비스업/ 동물병원,23,0,23,25,0,25,26,0,26
하위 메뉴 펼침도봉구,서비스업/ 동물병원,25,0,25,26,0,26,26,0,26
하위 메뉴 펼침노원구,서비스업/ 동물병원,41,0,41,42,0,42,42,0,42
하위 메뉴 펼침은평구,서비스업/ 동물병원,40,0,40,41,1,40,43,1,42
하위 메뉴 펼침서대문구,서비스업/ 동물병원,26,0,26,26,0,26,26,0,26
하위 메뉴 펼침마포구,서비스업/ 동물병원,44,0,44,46,0,46,48,0,48
하위 메뉴 펼침양천구,서비스업/ 동물병원,47,0,47,49,0,49,48,0,48
하위 메뉴 펼침강서구,서비스업/ 동물병원,45,2,43,45,2,43,48,2,46
하위 메뉴 펼침구로구,서비스업/ 동물병원,30,1,29,32,1,31,32,1,31
하위 메뉴 펼침금천구,서비스업/ 동물병원,16,1,15,16,1,15,16,1,15
하위 메뉴 펼침영등포구,서비스업/ 동물병원,32,0,32,35,0,35,34,0,34
하위 메뉴 펼침동작구,서비스업/ 동물병원,23,0,23,20,0,20,19,0,19
하위 메뉴 펼침관악구,서비스업/ 동물병원,29,0,29,28,0,28,28,0,28
하위 메뉴 펼침서초구,서비스업/ 동물병원,49,1,48,50,1,49,50,1,49
하위 메뉴 펼침강남구,서비스업/ 동물병원,91,3,88,90,3,87,91,3,88
하위 메뉴 펼침송파구,서비스업/ 동물병원,65,2,63,66,2,64,69,2,67
하위 메뉴 펼침강동구,서비스업/ 동물병원,48,0,48,51,0,51,53,0,53
하위 메뉴 펼침서울시 전체,서비스업/ 변호사사무소,3704,1,3703,3845,1,3844,3697,1,3696
하위 메뉴 펼침종로구,서비스업/ 변호사사무소,97,0,97,99,0,99,98,0,98
하위 메뉴 펼침중구,서비스업/ 변호사사무소,98,0,98,105,0,105,96,0,96
하위 메뉴 펼침용산구,서비스업/ 변호사사무소,22,0,22,25,0,25,25,0,25
하위 메뉴 펼침성동구,서비스업/ 변호사사무소,18,0,18,22,0,22,20,0,20
하위 메뉴 펼침광진구,서비스업/ 변호사사무소,22,0,22,20,0,20,20,0,20
하위 메뉴 펼침동대문구,서비스업/ 변호사사무소,9,0,9,14,0,14,14,0,14
하위 메뉴 펼침중랑구,서비스업/ 변호사사무소,10,0,10,12,0,12,10,0,10
하위 메뉴 펼침성북구,서비스업/ 변호사사무소,8,0,8,11,0,11,10,0,10
하위 메뉴 펼침강북구,서비스업/ 변호사사무소,7,0,7,7,0,7,7,0,7
하위 메뉴 펼침도봉구,서비스업/ 변호사사무소,66,0,66,69,0,69,63,0,63
하위 메뉴 펼침노원구,서비스업/ 변호사사무소,16,0,16,16,0,16,15,0,15
하위 메뉴 펼침은평구,서비스업/ 변호사사무소,5,0,5,8,0,8,8,0,8
하위 메뉴 펼침서대문구,서비스업/ 변호사사무소,12,0,12,12,0,12,12,0,12
하위 메뉴 펼침마포구,서비스업/ 변호사사무소,81,0,81,82,0,82,77,0,77
하위 메뉴 펼침양천구,서비스업/ 변호사사무소,97,0,97,91,0,91,86,0,86
하위 메뉴 펼침강서구,서비스업/ 변호사사무소,12,0,12,17,0,17,17,0,17
하위 메뉴 펼침구로구,서비스업/ 변호사사무소,37,0,37,37,0,37,37,0,37
하위 메뉴 펼침금천구,서비스업/ 변호사사무소,13,0,13,14,0,14,13,0,13
하위 메뉴 펼침영등포구,서비스업/ 변호사사무소,77,0,77,83,0,83,82,0,82
하위 메뉴 펼침동작구,서비스업/ 변호사사무소,14,0,14,15,0,15,12,0,12
하위 메뉴 펼침관악구,서비스업/ 변호사사무소,23,0,23,24,0,24,20,0,20
하위 메뉴 펼침서초구,서비스업/ 변호사사무소,2339,1,2338,2379,1,2378,2284,1,2283
하위 메뉴 펼침강남구,서비스업/ 변호사사무소,473,0,473,517,0,517,513,0,513
하위 메뉴 펼침송파구,서비스업/ 변호사사무소,141,0,141,157,0,157,150,0,150
하위 메뉴 펼침강동구,서비스업/ 변호사사무소,7,0,7,9,0,9,8,0,8
하위 메뉴 펼침서울시 전체,서비스업/ 변리사사무소,765,3,762,778,3,775,753,3,750
하위 메뉴 펼침종로구,서비스업/ 변리사사무소,15,0,15,15,0,15,15,0,15
하위 메뉴 펼침중구,서비스업/ 변리사사무소,11,0,11,12,0,12,11,0,11
하위 메뉴 펼침용산구,서비스업/ 변리사사무소,2,0,2,2,0,2,2,0,2
하위 메뉴 펼침성동구,서비스업/ 변리사사무소,14,0,14,14,0,14,13,0,13
하위 메뉴 펼침광진구,서비스업/ 변리사사무소,3,0,3,3,0,3,3,0,3
하위 메뉴 펼침동대문구,서비스업/ 변리사사무소,3,0,3,4,0,4,4,0,4
하위 메뉴 펼침중랑구,서비스업/ 변리사사무소,0,0,0,0,0,0,0,0,0
하위 메뉴 펼침성북구,서비스업/ 변리사사무소,1,0,1,1,0,1,1,0,1
하위 메뉴 펼침강북구,서비스업/ 변리사사무소,0,0,0,0,0,0,0,0,0
하위 메뉴 펼침도봉구,서비스업/ 변리사사무소,1,0,1,1,0,1,1,0,1
하위 메뉴 펼침노원구,서비스업/ 변리사사무소,2,0,2,2,0,2,2,0,2
하위 메뉴 펼침은평구,서비스업/ 변리사사무소,1,0,1,1,0,1,1,0,1
하위 메뉴 펼침서대문구,서비스업/ 변리사사무소,5,0,5,5,0,5,5,0,5
하위 메뉴 펼침마포구,서비스업/ 변리사사무소,13,0,13,15,0,15,15,0,15
하위 메뉴 펼침양천구,서비스업/ 변리사사무소,3,0,3,2,0,2,2,0,2
하위 메뉴 펼침강서구,서비스업/ 변리사사무소,15,0,15,16,0,16,16,0,16
하위 메뉴 펼침구로구,서비스업/ 변리사사무소,20,0,20,20,0,20,19,0,19
하위 메뉴 펼침금천구,서비스업/ 변리사사무소,38,0,38,38,0,38,38,0,38
하위 메뉴 펼침영등포구,서비스업/ 변리사사무소,12,0,12,15,0,15,15,0,15
하위 메뉴 펼침동작구,서비스업/ 변리사사무소,2,0,2,2,0,2,2,0,2
하위 메뉴 펼침관악구,서비스업/ 변리사사무소,6,0,6,6,0,6,5,0,5
하위 메뉴 펼침서초구,서비스업/ 변리사사무소,162,0,162,162,0,162,157,0,157
하위 메뉴 펼침강남구,서비스업/ 변리사사무소,388,3,385,397,3,394,385,3,382
하위 메뉴 펼침송파구,서비스업/ 변리사사무소,46,0,46,43,0,43,39,0,39
하위 메뉴 펼침강동구,서비스업/ 변리사사무소,2,0,2,2,0,2,2,0,2
하위 메뉴 펼침서울시 전체,서비스업/ 법무사사무소,2346,0,2346,2388,0,2388,2458,0,2458
하위 메뉴 펼침종로구,서비스업/ 법무사사무소,48,0,48,43,0,43,49,0,49
하위 메뉴 펼침중구,서비스업/ 법무사사무소,237,0,237,244,0,244,234,0,234
하위 메뉴 펼침용산구,서비스업/ 법무사사무소,11,0,11,11,0,11,12,0,12
하위 메뉴 펼침성동구,서비스업/ 법무사사무소,28,0,28,32,0,32,32,0,32
하위 메뉴 펼침광진구,서비스업/ 법무사사무소,63,0,63,63,0,63,63,0,63
하위 메뉴 펼침동대문구,서비스업/ 법무사사무소,21,0,21,22,0,22,20,0,20
하위 메뉴 펼침중랑구,서비스업/ 법무사사무소,13,0,13,13,0,13,14,0,14
하위 메뉴 펼침성북구,서비스업/ 법무사사무소,17,0,17,17,0,17,17,0,17
하위 메뉴 펼침강북구,서비스업/ 법무사사무소,18,0,18,19,0,19,19,0,19
하위 메뉴 펼침도봉구,서비스업/ 법무사사무소,69,0,69,72,0,72,72,0,72
하위 메뉴 펼침노원구,서비스업/ 법무사사무소,53,0,53,50,0,50,50,0,50
하위 메뉴 펼침은평구,서비스업/ 법무사사무소,36,0,36,36,0,36,30,0,30
하위 메뉴 펼침서대문구,서비스업/ 법무사사무소,10,0,10,10,0,10,10,0,10
하위 메뉴 펼침마포구,서비스업/ 법무사사무소,80,0,80,78,0,78,77,0,77
하위 메뉴 펼침양천구,서비스업/ 법무사사무소,115,0,115,117,0,117,118,0,118
하위 메뉴 펼침강서구,서비스업/ 법무사사무소,58,0,58,61,0,61,62,0,62
하위 메뉴 펼침구로구,서비스업/ 법무사사무소,56,0,56,54,0,54,53,0,53
하위 메뉴 펼침금천구,서비스업/ 법무사사무소,39,0,39,38,0,38,38,0,38
하위 메뉴 펼침영등포구,서비스업/ 법무사사무소,84,0,84,86,0,86,83,0,83
하위 메뉴 펼침동작구,서비스업/ 법무사사무소,29,0,29,30,0,30,32,0,32
하위 메뉴 펼침관악구,서비스업/ 법무사사무소,51,0,51,54,0,54,58,0,58
하위 메뉴 펼침서초구,서비스업/ 법무사사무소,793,0,793,805,0,805,860,0,860
하위 메뉴 펼침강남구,서비스업/ 법무사사무소,275,0,275,279,0,279,295,0,295
하위 메뉴 펼침송파구,서비스업/ 법무사사무소,106,0,106,115,0,115,121,0,121
하위 메뉴 펼침강동구,서비스업/ 법무사사무소,36,0,36,39,0,39,39,0,39
하위 메뉴 펼침서울시 전체,서비스업/ 기타법무서비스,1516,0,1516,1648,0,1648,1565,0,1565
하위 메뉴 펼침종로구,서비스업/ 기타법무서비스,68,0,68,70,0,70,62,0,62
하위 메뉴 펼침중구,서비스업/ 기타법무서비스,94,0,94,98,0,98,98,0,98
하위 메뉴 펼침용산구,서비스업/ 기타법무서비스,17,0,17,16,0,16,16,0,16
하위 메뉴 펼침성동구,서비스업/ 기타법무서비스,24,0,24,30,0,30,29,0,29
하위 메뉴 펼침광진구,서비스업/ 기타법무서비스,27,0,27,36,0,36,34,0,34
하위 메뉴 펼침동대문구,서비스업/ 기타법무서비스,10,0,10,10,0,10,11,0,11
하위 메뉴 펼침중랑구,서비스업/ 기타법무서비스,12,0,12,13,0,13,11,0,11
하위 메뉴 펼침성북구,서비스업/ 기타법무서비스,7,0,7,7,0,7,7,0,7
하위 메뉴 펼침강북구,서비스업/ 기타법무서비스,17,0,17,16,0,16,16,0,16
하위 메뉴 펼침도봉구,서비스업/ 기타법무서비스,9,0,9,12,0,12,10,0,10
하위 메뉴 펼침노원구,서비스업/ 기타법무서비스,19,0,19,19,0,19,17,0,17
하위 메뉴 펼침은평구,서비스업/ 기타법무서비스,24,0,24,26,0,26,24,0,24
하위 메뉴 펼침서대문구,서비스업/ 기타법무서비스,15,0,15,15,0,15,14,0,14
하위 메뉴 펼침마포구,서비스업/ 기타법무서비스,76,0,76,87,0,87,86,0,86
하위 메뉴 펼침양천구,서비스업/ 기타법무서비스,34,0,34,40,0,40,38,0,38
하위 메뉴 펼침강서구,서비스업/ 기타법무서비스,53,0,53,73,0,73,71,0,71
하위 메뉴 펼침구로구,서비스업/ 기타법무서비스,90,0,90,94,0,94,90,0,90
하위 메뉴 펼침금천구,서비스업/ 기타법무서비스,48,0,48,55,0,55,51,0,51
하위 메뉴 펼침영등포구,서비스업/ 기타법무서비스,179,0,179,188,0,188,183,0,183
하위 메뉴 펼침동작구,서비스업/ 기타법무서비스,17,0,17,18,0,18,18,0,18
하위 메뉴 펼침관악구,서비스업/ 기타법무서비스,35,0,35,39,0,39,36,0,36
하위 메뉴 펼침서초구,서비스업/ 기타법무서비스,275,0,275,299,0,299,272,0,272
하위 메뉴 펼침강남구,서비스업/ 기타법무서비스,255,0,255,267,0,267,259,0,259
하위 메뉴 펼침송파구,서비스업/ 기타법무서비스,93,0,93,96,0,96,88,0,88
하위 메뉴 펼침강동구,서비스업/ 기타법무서비스,18,0,18,24,0,24,24,0,24
하위 메뉴 펼침서울시 전체,서비스업/ 회계사사무소,943,0,943,964,0,964,967,0,967
하위 메뉴 펼침종로구,서비스업/ 회계사사무소,39,0,39,39,0,39,32,0,32
하위 메뉴 펼침중구,서비스업/ 회계사사무소,36,0,36,38,0,38,39,0,39
하위 메뉴 펼침용산구,서비스업/ 회계사사무소,18,0,18,17,0,17,18,0,18
하위 메뉴 펼침성동구,서비스업/ 회계사사무소,21,0,21,27,0,27,27,0,27
하위 메뉴 펼침광진구,서비스업/ 회계사사무소,8,0,8,7,0,7,7,0,7
하위 메뉴 펼침동대문구,서비스업/ 회계사사무소,16,0,16,16,0,16,17,0,17
하위 메뉴 펼침중랑구,서비스업/ 회계사사무소,8,0,8,9,0,9,9,0,9
하위 메뉴 펼침성북구,서비스업/ 회계사사무소,3,0,3,3,0,3,3,0,3
하위 메뉴 펼침강북구,서비스업/ 회계사사무소,10,0,10,10,0,10,10,0,10
하위 메뉴 펼침도봉구,서비스업/ 회계사사무소,1,0,1,1,0,1,3,0,3
하위 메뉴 펼침노원구,서비스업/ 회계사사무소,4,0,4,5,0,5,4,0,4
하위 메뉴 펼침은평구,서비스업/ 회계사사무소,6,0,6,6,0,6,6,0,6
하위 메뉴 펼침서대문구,서비스업/ 회계사사무소,8,0,8,9,0,9,7,0,7
하위 메뉴 펼침마포구,서비스업/ 회계사사무소,32,0,32,32,0,32,31,0,31
하위 메뉴 펼침양천구,서비스업/ 회계사사무소,15,0,15,15,0,15,16,0,16
하위 메뉴 펼침강서구,서비스업/ 회계사사무소,26,0,26,28,0,28,30,0,30
하위 메뉴 펼침구로구,서비스업/ 회계사사무소,52,0,52,53,0,53,53,0,53
하위 메뉴 펼침금천구,서비스업/ 회계사사무소,37,0,37,36,0,36,38,0,38
하위 메뉴 펼침영등포구,서비스업/ 회계사사무소,108,0,108,108,0,108,109,0,109
하위 메뉴 펼침동작구,서비스업/ 회계사사무소,10,0,10,11,0,11,12,0,12
하위 메뉴 펼침관악구,서비스업/ 회계사사무소,16,0,16,17,0,17,15,0,15
하위 메뉴 펼침서초구,서비스업/ 회계사사무소,123,0,123,124,0,124,126,0,126
하위 메뉴 펼침강남구,서비스업/ 회계사사무소,270,0,270,274,0,274,272,0,272
하위 메뉴 펼침송파구,서비스업/ 회계사사무소,65,0,65,68,0,68,72,0,72
하위 메뉴 펼침강동구,서비스업/ 회계사사무소,11,0,11,11,0,11,11,0,11
하위 메뉴 펼침서울시 전체,서비스업/ 세무사사무소,5594,1,5593,5784,1,5783,5666,1,5665
하위 메뉴 펼침종로구,서비스업/ 세무사사무소,204,0,204,203,0,203,196,0,196
하위 메뉴 펼침중구,서비스업/ 세무사사무소,321,0,321,326,0,326,316,0,316
하위 메뉴 펼침용산구,서비스업/ 세무사사무소,110,0,110,112,0,112,109,0,109
하위 메뉴 펼침성동구,서비스업/ 세무사사무소,220,0,220,238,0,238,235,0,235
하위 메뉴 펼침광진구,서비스업/ 세무사사무소,83,0,83,89,0,89,85,0,85
하위 메뉴 펼침동대문구,서비스업/ 세무사사무소,130,0,130,130,0,130,128,0,128
하위 메뉴 펼침중랑구,서비스업/ 세무사사무소,41,0,41,43,0,43,42,0,42
하위 메뉴 펼침성북구,서비스업/ 세무사사무소,43,0,43,48,0,48,47,0,47
하위 메뉴 펼침강북구,서비스업/ 세무사사무소,66,0,66,67,0,67,66,0,66
하위 메뉴 펼침도봉구,서비스업/ 세무사사무소,51,0,51,50,0,50,48,0,48
하위 메뉴 펼침노원구,서비스업/ 세무사사무소,31,0,31,33,0,33,33,0,33
하위 메뉴 펼침은평구,서비스업/ 세무사사무소,50,0,50,51,0,51,51,0,51
하위 메뉴 펼침서대문구,서비스업/ 세무사사무소,37,0,37,37,0,37,37,0,37
하위 메뉴 펼침마포구,서비스업/ 세무사사무소,238,0,238,257,0,257,257,0,257
하위 메뉴 펼침양천구,서비스업/ 세무사사무소,90,0,90,92,0,92,91,0,91
하위 메뉴 펼침강서구,서비스업/ 세무사사무소,222,0,222,242,0,242,235,0,235
하위 메뉴 펼침구로구,서비스업/ 세무사사무소,166,0,166,167,0,167,163,0,163
하위 메뉴 펼침금천구,서비스업/ 세무사사무소,229,0,229,241,0,241,235,0,235
하위 메뉴 펼침영등포구,서비스업/ 세무사사무소,405,0,405,429,0,429,419,0,419
하위 메뉴 펼침동작구,서비스업/ 세무사사무소,66,0,66,67,0,67,67,0,67
하위 메뉴 펼침관악구,서비스업/ 세무사사무소,88,0,88,89,0,89,88,0,88
하위 메뉴 펼침서초구,서비스업/ 세무사사무소,741,1,740,763,1,762,746,1,745
하위 메뉴 펼침강남구,서비스업/ 세무사사무소,1347,0,1347,1392,0,1392,1361,0,1361
하위 메뉴 펼침송파구,서비스업/ 세무사사무소,528,0,528,529,0,529,522,0,522
하위 메뉴 펼침강동구,서비스업/ 세무사사무소,87,0,87,89,0,89,89,0,89
하위 메뉴 펼침서울시 전체,서비스업/ 당구장,3743,50,3693,3838,50,3788,3683,40,3643
하위 메뉴 펼침종로구,서비스업/ 당구장,122,1,121,131,1,130,124,1,123
하위 메뉴 펼침중구,서비스업/ 당구장,125,1,124,123,1,122,114,0,114
하위 메뉴 펼침용산구,서비스업/ 당구장,67,2,65,65,2,63,61,1,60
하위 메뉴 펼침성동구,서비스업/ 당구장,109,0,109,112,0,112,98,0,98
하위 메뉴 펼침광진구,서비스업/ 당구장,154,3,151,149,3,146,145,2,143
하위 메뉴 펼침동대문구,서비스업/ 당구장,133,0,133,133,0,133,130,0,130
하위 메뉴 펼침중랑구,서비스업/ 당구장,146,2,144,143,2,141,141,1,140
하위 메뉴 펼침성북구,서비스업/ 당구장,126,1,125,130,1,129,129,1,128
하위 메뉴 펼침강북구,서비스업/ 당구장,114,2,112,118,2,116,116,1,115
하위 메뉴 펼침도봉구,서비스업/ 당구장,108,0,108,112,0,112,113,0,113
하위 메뉴 펼침노원구,서비스업/ 당구장,183,2,181,186,3,183,176,3,173
하위 메뉴 펼침은평구,서비스업/ 당구장,144,3,141,139,2,137,141,2,139
하위 메뉴 펼침서대문구,서비스업/ 당구장,88,0,88,95,0,95,92,0,92
하위 메뉴 펼침마포구,서비스업/ 당구장,135,2,133,142,1,141,139,1,138
하위 메뉴 펼침양천구,서비스업/ 당구장,147,1,146,146,1,145,140,0,140
하위 메뉴 펼침강서구,서비스업/ 당구장,184,3,181,203,3,200,195,2,193
하위 메뉴 펼침구로구,서비스업/ 당구장,144,0,144,155,0,155,137,0,137
하위 메뉴 펼침금천구,서비스업/ 당구장,96,1,95,97,2,95,99,2,97
하위 메뉴 펼침영등포구,서비스업/ 당구장,187,4,183,181,3,178,178,3,175
하위 메뉴 펼침동작구,서비스업/ 당구장,107,1,106,112,1,111,103,1,102
하위 메뉴 펼침관악구,서비스업/ 당구장,138,2,136,141,1,140,129,1,128
하위 메뉴 펼침서초구,서비스업/ 당구장,241,4,237,250,4,246,237,3,234
하위 메뉴 펼침강남구,서비스업/ 당구장,330,6,324,338,7,331,327,6,321
하위 메뉴 펼침송파구,서비스업/ 당구장,247,5,242,264,6,258,259,5,254
하위 메뉴 펼침강동구,서비스업/ 당구장,168,4,164,173,4,169,160,4,156
하위 메뉴 펼침서울시 전체,서비스업/ 골프연습장,1540,67,1473,1647,87,1560,1764,98,1666
하위 메뉴 펼침종로구,서비스업/ 골프연습장,25,6,19,24,6,18,30,6,24
하위 메뉴 펼침중구,서비스업/ 골프연습장,36,3,33,37,2,35,39,2,37
하위 메뉴 펼침용산구,서비스업/ 골프연습장,26,2,24,30,2,28,34,3,31
하위 메뉴 펼침성동구,서비스업/ 골프연습장,41,2,39,44,3,41,43,3,40
하위 메뉴 펼침광진구,서비스업/ 골프연습장,46,0,46,45,0,45,47,0,47
하위 메뉴 펼침동대문구,서비스업/ 골프연습장,35,3,32,43,6,37,43,6,37
하위 메뉴 펼침중랑구,서비스업/ 골프연습장,35,1,34,37,1,36,38,2,36
하위 메뉴 펼침성북구,서비스업/ 골프연습장,33,0,33,33,0,33,35,0,35
하위 메뉴 펼침강북구,서비스업/ 골프연습장,18,0,18,20,0,20,22,0,22
하위 메뉴 펼침도봉구,서비스업/ 골프연습장,26,1,25,29,1,28,31,1,30
하위 메뉴 펼침노원구,서비스업/ 골프연습장,76,1,75,81,2,79,84,2,82
하위 메뉴 펼침은평구,서비스업/ 골프연습장,41,1,40,43,1,42,43,1,42
하위 메뉴 펼침서대문구,서비스업/ 골프연습장,23,1,22,26,1,25,25,1,24
하위 메뉴 펼침마포구,서비스업/ 골프연습장,55,3,52,64,4,60,64,5,59
하위 메뉴 펼침양천구,서비스업/ 골프연습장,66,0,66,69,0,69,72,0,72
하위 메뉴 펼침강서구,서비스업/ 골프연습장,86,4,82,101,8,93,117,10,107
하위 메뉴 펼침구로구,서비스업/ 골프연습장,73,3,70,77,4,73,80,4,76
하위 메뉴 펼침금천구,서비스업/ 골프연습장,30,1,29,37,3,34,48,3,45
하위 메뉴 펼침영등포구,서비스업/ 골프연습장,90,5,85,90,4,86,96,4,92
하위 메뉴 펼침동작구,서비스업/ 골프연습장,38,0,38,40,0,40,44,1,43
하위 메뉴 펼침관악구,서비스업/ 골프연습장,51,0,51,53,1,52,59,3,56
하위 메뉴 펼침서초구,서비스업/ 골프연습장,124,4,120,129,6,123,134,8,126
하위 메뉴 펼침강남구,서비스업/ 골프연습장,242,19,223,263,21,242,285,21,264
하위 메뉴 펼침송파구,서비스업/ 골프연습장,150,4,146,158,7,151,167,7,160
하위 메뉴 펼침강동구,서비스업/ 골프연습장,74,3,71,74,4,70,84,5,79
하위 메뉴 펼침서울시 전체,서비스업/ 볼링장,143,0,143,144,0,144,136,0,136
하위 메뉴 펼침종로구,서비스업/ 볼링장,8,0,8,8,0,8,7,0,7
하위 메뉴 펼침중구,서비스업/ 볼링장,7,0,7,8,0,8,7,0,7
하위 메뉴 펼침용산구,서비스업/ 볼링장,6,0,6,6,0,6,6,0,6
하위 메뉴 펼침성동구,서비스업/ 볼링장,4,0,4,4,0,4,4,0,4
하위 메뉴 펼침광진구,서비스업/ 볼링장,3,0,3,3,0,3,3,0,3
하위 메뉴 펼침동대문구,서비스업/ 볼링장,4,0,4,4,0,4,3,0,3
하위 메뉴 펼침중랑구,서비스업/ 볼링장,3,0,3,3,0,3,3,0,3
하위 메뉴 펼침성북구,서비스업/ 볼링장,6,0,6,6,0,6,7,0,7
하위 메뉴 펼침강북구,서비스업/ 볼링장,5,0,5,5,0,5,4,0,4
하위 메뉴 펼침도봉구,서비스업/ 볼링장,5,0,5,5,0,5,5,0,5
하위 메뉴 펼침노원구,서비스업/ 볼링장,6,0,6,6,0,6,4,0,4
하위 메뉴 펼침은평구,서비스업/ 볼링장,6,0,6,7,0,7,7,0,7
하위 메뉴 펼침서대문구,서비스업/ 볼링장,5,0,5,5,0,5,4,0,4
하위 메뉴 펼침마포구,서비스업/ 볼링장,6,0,6,6,0,6,5,0,5
하위 메뉴 펼침양천구,서비스업/ 볼링장,1,0,1,1,0,1,1,0,1
하위 메뉴 펼침강서구,서비스업/ 볼링장,12,0,12,13,0,13,12,0,12
하위 메뉴 펼침구로구,서비스업/ 볼링장,3,0,3,3,0,3,3,0,3
하위 메뉴 펼침금천구,서비스업/ 볼링장,7,0,7,6,0,6,6,0,6
하위 메뉴 펼침영등포구,서비스업/ 볼링장,8,0,8,9,0,9,9,0,9
하위 메뉴 펼침동작구,서비스업/ 볼링장,3,0,3,3,0,3,3,0,3
하위 메뉴 펼침관악구,서비스업/ 볼링장,1,0,1,1,0,1,1,0,1
하위 메뉴 펼침서초구,서비스업/ 볼링장,7,0,7,7,0,7,7,0,7
하위 메뉴 펼침강남구,서비스업/ 볼링장,11,0,11,10,0,10,10,0,10
하위 메뉴 펼침송파구,서비스업/ 볼링장,11,0,11,10,0,10,10,0,10
하위 메뉴 펼침강동구,서비스업/ 볼링장,5,0,5,5,0,5,5,0,5
하위 메뉴 펼침서울시 전체,서비스업/ PC방,1488,98,1390,1364,82,1282,1113,61,1052
하위 메뉴 펼침종로구,서비스업/ PC방,34,1,33,31,1,30,26,1,25
하위 메뉴 펼침중구,서비스업/ PC방,24,0,24,22,0,22,21,0,21
하위 메뉴 펼침용산구,서비스업/ PC방,21,0,21,21,0,21,17,0,17
하위 메뉴 펼침성동구,서비스업/ PC방,46,1,45,39,0,39,35,0,35
하위 메뉴 펼침광진구,서비스업/ PC방,67,3,64,57,3,54,48,3,45
하위 메뉴 펼침동대문구,서비스업/ PC방,66,3,63,64,4,60,46,2,44
하위 메뉴 펼침중랑구,서비스업/ PC방,72,3,69,63,3,60,47,2,45
하위 메뉴 펼침성북구,서비스업/ PC방,64,2,62,58,2,56,45,1,44
하위 메뉴 펼침강북구,서비스업/ PC방,55,2,53,52,0,52,41,0,41
하위 메뉴 펼침도봉구,서비스업/ PC방,41,4,37,34,3,31,25,3,22
하위 메뉴 펼침노원구,서비스업/ PC방,69,6,63,61,7,54,55,4,51
하위 메뉴 펼침은평구,서비스업/ PC방,55,2,53,52,1,51,42,1,41
하위 메뉴 펼침서대문구,서비스업/ PC방,44,4,40,42,4,38,36,3,33
하위 메뉴 펼침마포구,서비스업/ PC방,46,0,46,45,0,45,35,0,35
하위 메뉴 펼침양천구,서비스업/ PC방,62,7,55,58,6,52,41,3,38
하위 메뉴 펼침강서구,서비스업/ PC방,84,9,75,73,5,68,64,4,60
하위 메뉴 펼침구로구,서비스업/ PC방,60,4,56,57,4,53,47,3,44
하위 메뉴 펼침금천구,서비스업/ PC방,42,5,37,37,3,34,29,2,27
하위 메뉴 펼침영등포구,서비스업/ PC방,70,4,66,64,4,60,51,2,49
하위 메뉴 펼침동작구,서비스업/ PC방,67,3,64,60,3,57,54,3,51
하위 메뉴 펼침관악구,서비스업/ PC방,88,9,79,89,8,81,70,8,62
하위 메뉴 펼침서초구,서비스업/ PC방,47,6,41,46,6,40,43,4,39
하위 메뉴 펼침강남구,서비스업/ PC방,90,5,85,78,4,74,67,4,63
하위 메뉴 펼침송파구,서비스업/ PC방,99,12,87,87,8,79,67,4,63
하위 메뉴 펼침강동구,서비스업/ PC방,75,3,72,74,3,71,61,4,57
하위 메뉴 펼침서울시 전체,서비스업/ 전자게임장,292,5,287,318,4,314,241,2,239
하위 메뉴 펼침종로구,서비스업/ 전자게임장,8,0,8,11,0,11,10,0,10
하위 메뉴 펼침중구,서비스업/ 전자게임장,5,0,5,7,0,7,4,0,4
하위 메뉴 펼침용산구,서비스업/ 전자게임장,7,0,7,7,0,7,7,0,7
하위 메뉴 펼침성동구,서비스업/ 전자게임장,4,0,4,3,0,3,3,0,3
하위 메뉴 펼침광진구,서비스업/ 전자게임장,10,0,10,9,0,9,9,0,9
하위 메뉴 펼침동대문구,서비스업/ 전자게임장,13,0,13,14,0,14,10,0,10
하위 메뉴 펼침중랑구,서비스업/ 전자게임장,13,1,12,14,2,12,12,1,11
하위 메뉴 펼침성북구,서비스업/ 전자게임장,12,1,11,9,1,8,8,1,7
하위 메뉴 펼침강북구,서비스업/ 전자게임장,13,0,13,15,0,15,9,0,9
하위 메뉴 펼침도봉구,서비스업/ 전자게임장,9,0,9,11,0,11,7,0,7
하위 메뉴 펼침노원구,서비스업/ 전자게임장,8,1,7,6,0,6,6,0,6
하위 메뉴 펼침은평구,서비스업/ 전자게임장,15,0,15,17,0,17,11,0,11
하위 메뉴 펼침서대문구,서비스업/ 전자게임장,10,1,9,11,0,11,8,0,8
하위 메뉴 펼침마포구,서비스업/ 전자게임장,14,0,14,12,0,12,10,0,10
하위 메뉴 펼침양천구,서비스업/ 전자게임장,6,0,6,7,0,7,4,0,4
하위 메뉴 펼침강서구,서비스업/ 전자게임장,25,0,25,26,0,26,18,0,18
하위 메뉴 펼침구로구,서비스업/ 전자게임장,14,0,14,15,0,15,7,0,7
하위 메뉴 펼침금천구,서비스업/ 전자게임장,13,0,13,18,0,18,14,0,14
하위 메뉴 펼침영등포구,서비스업/ 전자게임장,23,0,23,26,0,26,20,0,20
하위 메뉴 펼침동작구,서비스업/ 전자게임장,6,0,6,8,0,8,7,0,7
하위 메뉴 펼침관악구,서비스업/ 전자게임장,22,0,22,25,0,25,20,0,20
하위 메뉴 펼침서초구,서비스업/ 전자게임장,1,0,1,2,0,2,2,0,2
하위 메뉴 펼침강남구,서비스업/ 전자게임장,12,1,11,13,1,12,11,0,11
하위 메뉴 펼침송파구,서비스업/ 전자게임장,15,0,15,15,0,15,13,0,13
하위 메뉴 펼침강동구,서비스업/ 전자게임장,14,0,14,17,0,17,11,0,11
하위 메뉴 펼침서울시 전체,서비스업/ 기타오락장,1217,47,1170,1167,34,1133,1360,30,1330
하위 메뉴 펼침종로구,서비스업/ 기타오락장,37,1,36,41,1,40,46,1,45
하위 메뉴 펼침중구,서비스업/ 기타오락장,24,0,24,23,0,23,26,0,26
하위 메뉴 펼침용산구,서비스업/ 기타오락장,22,2,20,25,1,24,34,1,33
하위 메뉴 펼침성동구,서비스업/ 기타오락장,36,0,36,42,0,42,58,0,58
하위 메뉴 펼침광진구,서비스업/ 기타오락장,68,0,68,59,0,59,53,0,53
하위 메뉴 펼침동대문구,서비스업/ 기타오락장,25,2,23,25,1,24,31,1,30
하위 메뉴 펼침중랑구,서비스업/ 기타오락장,54,5,49,41,1,40,44,1,43
하위 메뉴 펼침성북구,서비스업/ 기타오락장,36,2,34,34,1,33,44,1,43
하위 메뉴 펼침강북구,서비스업/ 기타오락장,37,0,37,33,0,33,35,0,35
하위 메뉴 펼침도봉구,서비스업/ 기타오락장,20,0,20,21,0,21,27,0,27
하위 메뉴 펼침노원구,서비스업/ 기타오락장,45,3,42,41,2,39,52,2,50
하위 메뉴 펼침은평구,서비스업/ 기타오락장,39,1,38,27,0,27,33,0,33
하위 메뉴 펼침서대문구,서비스업/ 기타오락장,35,2,33,32,2,30,38,2,36
하위 메뉴 펼침마포구,서비스업/ 기타오락장,93,1,92,92,2,90,110,2,108
하위 메뉴 펼침양천구,서비스업/ 기타오락장,48,3,45,42,3,39,54,3,51
하위 메뉴 펼침강서구,서비스업/ 기타오락장,67,3,64,59,2,57,69,1,68
하위 메뉴 펼침구로구,서비스업/ 기타오락장,50,1,49,46,1,45,48,1,47
하위 메뉴 펼침금천구,서비스업/ 기타오락장,29,4,25,28,4,24,29,3,26
하위 메뉴 펼침영등포구,서비스업/ 기타오락장,73,3,70,75,2,73,83,2,81
하위 메뉴 펼침동작구,서비스업/ 기타오락장,40,1,39,32,1,31,47,1,46
하위 메뉴 펼침관악구,서비스업/ 기타오락장,55,3,52,51,2,49,57,2,55
하위 메뉴 펼침서초구,서비스업/ 기타오락장,50,3,47,48,2,46,68,1,67
하위 메뉴 펼침강남구,서비스업/ 기타오락장,105,2,103,118,1,117,118,1,117
하위 메뉴 펼침송파구,서비스업/ 기타오락장,77,4,73,87,4,83,102,3,99
하위 메뉴 펼침강동구,서비스업/ 기타오락장,52,1,51,45,1,44,54,1,53
하위 메뉴 펼침서울시 전체,서비스업/ 복권방,625,0,625,683,1,682,648,1,647
하위 메뉴 펼침종로구,서비스업/ 복권방,18,0,18,23,0,23,20,0,20
하위 메뉴 펼침중구,서비스업/ 복권방,32,0,32,30,0,30,28,0,28
하위 메뉴 펼침용산구,서비스업/ 복권방,18,0,18,22,0,22,22,0,22
하위 메뉴 펼침성동구,서비스업/ 복권방,30,0,30,28,0,28,25,0,25
하위 메뉴 펼침광진구,서비스업/ 복권방,26,0,26,26,0,26,25,0,25
하위 메뉴 펼침동대문구,서비스업/ 복권방,40,0,40,47,0,47,43,0,43
하위 메뉴 펼침중랑구,서비스업/ 복권방,21,0,21,22,0,22,21,0,21
하위 메뉴 펼침성북구,서비스업/ 복권방,28,0,28,32,0,32,32,0,32
하위 메뉴 펼침강북구,서비스업/ 복권방,16,0,16,21,0,21,22,0,22
하위 메뉴 펼침도봉구,서비스업/ 복권방,19,0,19,22,0,22,21,0,21
하위 메뉴 펼침노원구,서비스업/ 복권방,23,0,23,28,0,28,28,0,28
하위 메뉴 펼침은평구,서비스업/ 복권방,29,0,29,32,0,32,31,0,31
하위 메뉴 펼침서대문구,서비스업/ 복권방,14,0,14,15,0,15,15,0,15
하위 메뉴 펼침마포구,서비스업/ 복권방,21,0,21,21,0,21,21,0,21
하위 메뉴 펼침양천구,서비스업/ 복권방,17,0,17,23,0,23,21,0,21
하위 메뉴 펼침강서구,서비스업/ 복권방,25,0,25,27,0,27,27,0,27
하위 메뉴 펼침구로구,서비스업/ 복권방,32,0,32,37,0,37,35,0,35
하위 메뉴 펼침금천구,서비스업/ 복권방,27,0,27,29,0,29,27,0,27
하위 메뉴 펼침영등포구,서비스업/ 복권방,29,0,29,30,0,30,29,0,29
하위 메뉴 펼침동작구,서비스업/ 복권방,17,0,17,22,0,22,18,0,18
하위 메뉴 펼침관악구,서비스업/ 복권방,51,0,51,48,0,48,45,0,45
하위 메뉴 펼침서초구,서비스업/ 복권방,13,0,13,12,1,11,12,1,11
하위 메뉴 펼침강남구,서비스업/ 복권방,19,0,19,22,0,22,19,0,19
하위 메뉴 펼침송파구,서비스업/ 복권방,36,0,36,36,0,36,35,0,35
하위 메뉴 펼침강동구,서비스업/ 복권방,24,0,24,28,0,28,26,0,26
하위 메뉴 펼침서울시 전체,서비스업/ 통신기기수리,626,2,624,611,2,609,601,0,601
하위 메뉴 펼침종로구,서비스업/ 통신기기수리,19,0,19,17,0,17,16,0,16
하위 메뉴 펼침중구,서비스업/ 통신기기수리,27,0,27,25,0,25,22,0,22
하위 메뉴 펼침용산구,서비스업/ 통신기기수리,22,0,22,21,0,21,23,0,23
하위 메뉴 펼침성동구,서비스업/ 통신기기수리,18,0,18,15,0,15,15,0,15
하위 메뉴 펼침광진구,서비스업/ 통신기기수리,26,0,26,28,0,28,25,0,25
하위 메뉴 펼침동대문구,서비스업/ 통신기기수리,21,0,21,19,0,19,17,0,17
하위 메뉴 펼침중랑구,서비스업/ 통신기기수리,16,1,15,13,1,12,14,0,14
하위 메뉴 펼침성북구,서비스업/ 통신기기수리,20,0,20,18,0,18,21,0,21
하위 메뉴 펼침강북구,서비스업/ 통신기기수리,22,0,22,18,0,18,19,0,19
하위 메뉴 펼침도봉구,서비스업/ 통신기기수리,12,0,12,12,0,12,12,0,12
하위 메뉴 펼침노원구,서비스업/ 통신기기수리,20,1,19,19,1,18,15,0,15
하위 메뉴 펼침은평구,서비스업/ 통신기기수리,23,0,23,25,0,25,24,0,24
하위 메뉴 펼침서대문구,서비스업/ 통신기기수리,12,0,12,11,0,11,11,0,11
하위 메뉴 펼침마포구,서비스업/ 통신기기수리,24,0,24,24,0,24,26,0,26
하위 메뉴 펼침양천구,서비스업/ 통신기기수리,20,0,20,18,0,18,18,0,18
하위 메뉴 펼침강서구,서비스업/ 통신기기수리,27,0,27,29,0,29,28,0,28
하위 메뉴 펼침구로구,서비스업/ 통신기기수리,34,0,34,35,0,35,35,0,35
하위 메뉴 펼침금천구,서비스업/ 통신기기수리,34,0,34,35,0,35,36,0,36
하위 메뉴 펼침영등포구,서비스업/ 통신기기수리,28,0,28,31,0,31,29,0,29
하위 메뉴 펼침동작구,서비스업/ 통신기기수리,21,0,21,22,0,22,22,0,22
하위 메뉴 펼침관악구,서비스업/ 통신기기수리,31,0,31,33,0,33,32,0,32
하위 메뉴 펼침서초구,서비스업/ 통신기기수리,33,0,33,34,0,34,35,0,35
하위 메뉴 펼침강남구,서비스업/ 통신기기수리,44,0,44,45,0,45,42,0,42
하위 메뉴 펼침송파구,서비스업/ 통신기기수리,42,0,42,37,0,37,37,0,37
하위 메뉴 펼침강동구,서비스업/ 통신기기수리,30,0,30,27,0,27,27,0,27
하위 메뉴 펼침서울시 전체,서비스업/ 스포츠클럽,2523,138,2385,2712,135,2577,2479,126,2353
하위 메뉴 펼침종로구,서비스업/ 스포츠클럽,50,1,49,47,1,46,47,1,46
하위 메뉴 펼침중구,서비스업/ 스포츠클럽,53,3,50,57,2,55,51,2,49
하위 메뉴 펼침용산구,서비스업/ 스포츠클럽,67,1,66,67,0,67,59,0,59
하위 메뉴 펼침성동구,서비스업/ 스포츠클럽,77,3,74,81,4,77,71,4,67
하위 메뉴 펼침광진구,서비스업/ 스포츠클럽,77,4,73,89,2,87,79,2,77
하위 메뉴 펼침동대문구,서비스업/ 스포츠클럽,72,4,68,78,4,74,69,4,65
하위 메뉴 펼침중랑구,서비스업/ 스포츠클럽,50,3,47,56,3,53,52,3,49
하위 메뉴 펼침성북구,서비스업/ 스포츠클럽,75,4,71,75,4,71,74,5,69
하위 메뉴 펼침강북구,서비스업/ 스포츠클럽,49,4,45,53,4,49,49,4,45
하위 메뉴 펼침도봉구,서비스업/ 스포츠클럽,55,3,52,56,3,53,53,3,50
하위 메뉴 펼침노원구,서비스업/ 스포츠클럽,95,7,88,100,8,92,90,7,83
하위 메뉴 펼침은평구,서비스업/ 스포츠클럽,87,6,81,90,6,84,84,6,78
하위 메뉴 펼침서대문구,서비스업/ 스포츠클럽,64,3,61,69,3,66,64,2,62
하위 메뉴 펼침마포구,서비스업/ 스포츠클럽,123,5,118,130,6,124,115,6,109
하위 메뉴 펼침양천구,서비스업/ 스포츠클럽,121,7,114,129,6,123,114,6,108
하위 메뉴 펼침강서구,서비스업/ 스포츠클럽,164,7,157,197,9,188,185,8,177
하위 메뉴 펼침구로구,서비스업/ 스포츠클럽,84,6,78,90,6,84,75,4,71
하위 메뉴 펼침금천구,서비스업/ 스포츠클럽,50,5,45,54,5,49,51,5,46
하위 메뉴 펼침영등포구,서비스업/ 스포츠클럽,104,7,97,105,7,98,100,7,93
하위 메뉴 펼침동작구,서비스업/ 스포츠클럽,62,2,60,67,2,65,64,2,62
하위 메뉴 펼침관악구,서비스업/ 스포츠클럽,100,6,94,110,7,103,97,7,90
하위 메뉴 펼침서초구,서비스업/ 스포츠클럽,207,6,201,217,6,211,205,6,199
하위 메뉴 펼침강남구,서비스업/ 스포츠클럽,318,13,305,344,11,333,312,10,302
하위 메뉴 펼침송파구,서비스업/ 스포츠클럽,212,16,196,236,14,222,221,12,209
하위 메뉴 펼침강동구,서비스업/ 스포츠클럽,107,12,95,115,12,103,98,10,88
하위 메뉴 펼침서울시 전체,서비스업/ 자동차수리,4407,362,4045,4288,355,3933,4252,351,3901
하위 메뉴 펼침종로구,서비스업/ 자동차수리,49,5,44,47,5,42,46,6,40
하위 메뉴 펼침중구,서비스업/ 자동차수리,58,7,51,56,7,49,56,7,49
하위 메뉴 펼침용산구,서비스업/ 자동차수리,111,17,94,105,15,90,100,14,86
하위 메뉴 펼침성동구,서비스업/ 자동차수리,233,11,222,230,14,216,232,14,218
하위 메뉴 펼침광진구,서비스업/ 자동차수리,149,17,132,146,16,130,145,16,129
하위 메뉴 펼침동대문구,서비스업/ 자동차수리,301,14,287,288,14,274,293,13,280
하위 메뉴 펼침중랑구,서비스업/ 자동차수리,191,11,180,186,11,175,181,10,171
하위 메뉴 펼침성북구,서비스업/ 자동차수리,149,13,136,139,13,126,141,13,128
하위 메뉴 펼침강북구,서비스업/ 자동차수리,132,6,126,126,6,120,129,6,123
하위 메뉴 펼침도봉구,서비스업/ 자동차수리,130,17,113,132,18,114,129,17,112
하위 메뉴 펼침노원구,서비스업/ 자동차수리,143,15,128,139,13,126,136,14,122
하위 메뉴 펼침은평구,서비스업/ 자동차수리,147,20,127,147,19,128,148,20,128
하위 메뉴 펼침서대문구,서비스업/ 자동차수리,99,9,90,95,10,85,91,10,81
하위 메뉴 펼침마포구,서비스업/ 자동차수리,144,9,135,138,8,130,135,7,128
하위 메뉴 펼침양천구,서비스업/ 자동차수리,203,16,187,201,16,185,202,17,185
하위 메뉴 펼침강서구,서비스업/ 자동차수리,272,25,247,263,26,237,264,28,236
하위 메뉴 펼침구로구,서비스업/ 자동차수리,162,10,152,158,9,149,151,8,143
하위 메뉴 펼침금천구,서비스업/ 자동차수리,149,8,141,149,8,141,147,8,139
하위 메뉴 펼침영등포구,서비스업/ 자동차수리,273,15,258,259,14,245,260,14,246
하위 메뉴 펼침동작구,서비스업/ 자동차수리,107,13,94,105,12,93,97,10,87
하위 메뉴 펼침관악구,서비스업/ 자동차수리,143,10,133,139,10,129,135,11,124
하위 메뉴 펼침서초구,서비스업/ 자동차수리,251,18,233,244,18,226,242,16,226
하위 메뉴 펼침강남구,서비스업/ 자동차수리,283,22,261,283,20,263,284,19,265
하위 메뉴 펼침송파구,서비스업/ 자동차수리,311,27,284,304,28,276,301,27,274
하위 메뉴 펼침강동구,서비스업/ 자동차수리,217,27,190,209,25,184,207,26,181
하위 메뉴 펼침서울시 전체,서비스업/ 자동차미용,1481,38,1443,1568,36,1532,1569,35,1534
하위 메뉴 펼침종로구,서비스업/ 자동차미용,9,0,9,9,0,9,10,0,10
하위 메뉴 펼침중구,서비스업/ 자동차미용,21,0,21,25,0,25,27,0,27
하위 메뉴 펼침용산구,서비스업/ 자동차미용,25,0,25,26,0,26,27,0,27
하위 메뉴 펼침성동구,서비스업/ 자동차미용,80,5,75,77,4,73,73,4,69
하위 메뉴 펼침광진구,서비스업/ 자동차미용,39,2,37,43,1,42,43,1,42
하위 메뉴 펼침동대문구,서비스업/ 자동차미용,50,1,49,54,2,52,58,2,56
하위 메뉴 펼침중랑구,서비스업/ 자동차미용,72,0,72,76,0,76,73,0,73
하위 메뉴 펼침성북구,서비스업/ 자동차미용,53,1,52,55,1,54,54,1,53
하위 메뉴 펼침강북구,서비스업/ 자동차미용,41,0,41,45,0,45,43,0,43
하위 메뉴 펼침도봉구,서비스업/ 자동차미용,34,0,34,40,0,40,40,0,40
하위 메뉴 펼침노원구,서비스업/ 자동차미용,63,2,61,70,2,68,69,2,67
하위 메뉴 펼침은평구,서비스업/ 자동차미용,60,2,58,62,2,60,64,2,62
하위 메뉴 펼침서대문구,서비스업/ 자동차미용,42,0,42,45,0,45,43,0,43
하위 메뉴 펼침마포구,서비스업/ 자동차미용,47,2,45,46,2,44,46,2,44
하위 메뉴 펼침양천구,서비스업/ 자동차미용,79,1,78,83,1,82,74,1,73
하위 메뉴 펼침강서구,서비스업/ 자동차미용,113,3,110,121,2,119,116,1,115
하위 메뉴 펼침구로구,서비스업/ 자동차미용,71,0,71,75,0,75,73,0,73
하위 메뉴 펼침금천구,서비스업/ 자동차미용,42,2,40,43,2,41,46,2,44
하위 메뉴 펼침영등포구,서비스업/ 자동차미용,77,2,75,83,2,81,82,2,80
하위 메뉴 펼침동작구,서비스업/ 자동차미용,24,0,24,27,0,27,27,0,27
하위 메뉴 펼침관악구,서비스업/ 자동차미용,53,3,50,55,3,52,54,3,51
하위 메뉴 펼침서초구,서비스업/ 자동차미용,95,2,93,104,2,102,111,2,109
하위 메뉴 펼침강남구,서비스업/ 자동차미용,121,2,119,126,2,124,130,2,128
하위 메뉴 펼침송파구,서비스업/ 자동차미용,111,2,109,117,2,115,122,2,120
하위 메뉴 펼침강동구,서비스업/ 자동차미용,59,6,53,61,6,55,64,6,58
하위 메뉴 펼침서울시 전체,서비스업/ 모터사이클수리,650,1,649,671,1,670,704,1,703
하위 메뉴 펼침종로구,서비스업/ 모터사이클수리,22,0,22,23,0,23,24,0,24
하위 메뉴 펼침중구,서비스업/ 모터사이클수리,45,0,45,46,0,46,46,0,46
하위 메뉴 펼침용산구,서비스업/ 모터사이클수리,30,0,30,31,0,31,31,0,31
하위 메뉴 펼침성동구,서비스업/ 모터사이클수리,40,0,40,39,0,39,39,0,39
하위 메뉴 펼침광진구,서비스업/ 모터사이클수리,30,0,30,29,0,29,30,0,30
하위 메뉴 펼침동대문구,서비스업/ 모터사이클수리,42,0,42,46,0,46,52,0,52
하위 메뉴 펼침중랑구,서비스업/ 모터사이클수리,31,0,31,31,0,31,34,0,34
하위 메뉴 펼침성북구,서비스업/ 모터사이클수리,32,0,32,33,0,33,33,0,33
하위 메뉴 펼침강북구,서비스업/ 모터사이클수리,26,0,26,27,0,27,33,0,33
하위 메뉴 펼침도봉구,서비스업/ 모터사이클수리,10,0,10,11,0,11,10,0,10
하위 메뉴 펼침노원구,서비스업/ 모터사이클수리,16,0,16,20,0,20,21,0,21
하위 메뉴 펼침은평구,서비스업/ 모터사이클수리,23,0,23,23,0,23,24,0,24
하위 메뉴 펼침서대문구,서비스업/ 모터사이클수리,26,1,25,24,1,23,23,1,22
하위 메뉴 펼침마포구,서비스업/ 모터사이클수리,24,0,24,23,0,23,24,0,24
하위 메뉴 펼침양천구,서비스업/ 모터사이클수리,20,0,20,20,0,20,24,0,24
하위 메뉴 펼침강서구,서비스업/ 모터사이클수리,18,0,18,21,0,21,20,0,20
하위 메뉴 펼침구로구,서비스업/ 모터사이클수리,22,0,22,21,0,21,24,0,24
하위 메뉴 펼침금천구,서비스업/ 모터사이클수리,17,0,17,16,0,16,15,0,15
하위 메뉴 펼침영등포구,서비스업/ 모터사이클수리,36,0,36,39,0,39,38,0,38
하위 메뉴 펼침동작구,서비스업/ 모터사이클수리,12,0,12,12,0,12,14,0,14
하위 메뉴 펼침관악구,서비스업/ 모터사이클수리,33,0,33,35,0,35,42,0,42
하위 메뉴 펼침서초구,서비스업/ 모터사이클수리,20,0,20,21,0,21,22,0,22
하위 메뉴 펼침강남구,서비스업/ 모터사이클수리,34,0,34,37,0,37,34,0,34
하위 메뉴 펼침송파구,서비스업/ 모터사이클수리,17,0,17,18,0,18,22,0,22
하위 메뉴 펼침강동구,서비스업/ 모터사이클수리,24,0,24,25,0,25,25,0,25
하위 메뉴 펼침서울시 전체,서비스업/ 미용실,18269,1199,17070,18635,1217,17418,18957,1198,17759
하위 메뉴 펼침종로구,서비스업/ 미용실,255,13,242,263,12,251,270,13,257
하위 메뉴 펼침중구,서비스업/ 미용실,327,32,295,332,32,300,324,31,293
하위 메뉴 펼침용산구,서비스업/ 미용실,366,32,334,384,33,351,391,32,359
하위 메뉴 펼침성동구,서비스업/ 미용실,504,41,463,520,45,475,532,45,487
하위 메뉴 펼침광진구,서비스업/ 미용실,744,33,711,745,34,711,758,30,728
하위 메뉴 펼침동대문구,서비스업/ 미용실,571,21,550,589,24,565,617,24,593
하위 메뉴 펼침중랑구,서비스업/ 미용실,761,32,729,772,32,740,783,31,752
하위 메뉴 펼침성북구,서비스업/ 미용실,756,28,728,771,31,740,789,29,760
하위 메뉴 펼침강북구,서비스업/ 미용실,631,15,616,643,15,628,659,13,646
하위 메뉴 펼침도봉구,서비스업/ 미용실,556,20,536,573,19,554,575,20,555
하위 메뉴 펼침노원구,서비스업/ 미용실,780,48,732,792,48,744,798,51,747
하위 메뉴 펼침은평구,서비스업/ 미용실,941,43,898,945,48,897,953,48,905
하위 메뉴 펼침서대문구,서비스업/ 미용실,594,44,550,589,43,546,590,45,545
하위 메뉴 펼침마포구,서비스업/ 미용실,961,63,898,994,67,927,1027,66,961
하위 메뉴 펼침양천구,서비스업/ 미용실,835,56,779,847,57,790,850,58,792
하위 메뉴 펼침강서구,서비스업/ 미용실,1031,84,947,1073,84,989,1103,87,1016
하위 메뉴 펼침구로구,서비스업/ 미용실,719,53,666,722,50,672,728,49,679
하위 메뉴 펼침금천구,서비스업/ 미용실,485,33,452,493,33,460,497,32,465
하위 메뉴 펼침영등포구,서비스업/ 미용실,709,62,647,739,62,677,771,66,705
하위 메뉴 펼침동작구,서비스업/ 미용실,657,45,612,658,43,615,661,42,619
하위 메뉴 펼침관악구,서비스업/ 미용실,859,62,797,863,63,800,883,58,825
하위 메뉴 펼침서초구,서비스업/ 미용실,709,73,636,718,72,646,716,68,648
하위 메뉴 펼침강남구,서비스업/ 미용실,1427,100,1327,1468,106,1362,1493,102,1391
하위 메뉴 펼침송파구,서비스업/ 미용실,1180,92,1088,1212,91,1121,1233,90,1143
하위 메뉴 펼침강동구,서비스업/ 미용실,911,74,837,930,73,857,956,68,888
하위 메뉴 펼침서울시 전체,서비스업/ 네일숍,3814,72,3742,4100,70,4030,3746,64,3682
하위 메뉴 펼침종로구,서비스업/ 네일숍,58,1,57,62,1,61,56,1,55
하위 메뉴 펼침중구,서비스업/ 네일숍,84,3,81,86,2,84,78,2,76
하위 메뉴 펼침용산구,서비스업/ 네일숍,75,2,73,86,3,83,80,3,77
하위 메뉴 펼침성동구,서비스업/ 네일숍,111,0,111,125,0,125,117,0,117
하위 메뉴 펼침광진구,서비스업/ 네일숍,142,2,140,156,3,153,140,3,137
하위 메뉴 펼침동대문구,서비스업/ 네일숍,117,2,115,131,2,129,117,2,115
하위 메뉴 펼침중랑구,서비스업/ 네일숍,146,1,145,155,1,154,143,1,142
하위 메뉴 펼침성북구,서비스업/ 네일숍,124,2,122,131,2,129,120,1,119
하위 메뉴 펼침강북구,서비스업/ 네일숍,123,2,121,134,1,133,124,1,123
하위 메뉴 펼침도봉구,서비스업/ 네일숍,105,0,105,111,0,111,104,0,104
하위 메뉴 펼침노원구,서비스업/ 네일숍,155,2,153,167,2,165,161,2,159
하위 메뉴 펼침은평구,서비스업/ 네일숍,148,1,147,159,1,158,147,1,146
하위 메뉴 펼침서대문구,서비스업/ 네일숍,91,1,90,98,1,97,89,1,88
하위 메뉴 펼침마포구,서비스업/ 네일숍,261,4,257,291,4,287,262,4,258
하위 메뉴 펼침양천구,서비스업/ 네일숍,150,5,145,164,6,158,152,5,147
하위 메뉴 펼침강서구,서비스업/ 네일숍,243,7,236,276,6,270,245,6,239
하위 메뉴 펼침구로구,서비스업/ 네일숍,139,5,134,153,5,148,138,4,134
하위 메뉴 펼침금천구,서비스업/ 네일숍,86,3,83,90,1,89,84,1,83
하위 메뉴 펼침영등포구,서비스업/ 네일숍,131,2,129,148,2,146,137,2,135
하위 메뉴 펼침동작구,서비스업/ 네일숍,114,1,113,120,1,119,104,1,103
하위 메뉴 펼침관악구,서비스업/ 네일숍,162,2,160,176,4,172,158,2,156
하위 메뉴 펼침서초구,서비스업/ 네일숍,208,4,204,207,4,203,190,2,188
하위 메뉴 펼침강남구,서비스업/ 네일숍,397,12,385,409,11,398,375,11,364
하위 메뉴 펼침송파구,서비스업/ 네일숍,262,7,255,278,6,272,257,7,250
하위 메뉴 펼침강동구,서비스업/ 네일숍,182,1,181,187,1,186,168,1,167
하위 메뉴 펼침서울시 전체,서비스업/ 피부관리실,5502,160,5342,5998,175,5823,7479,197,7282
하위 메뉴 펼침종로구,서비스업/ 피부관리실,92,3,89,102,4,98,114,3,111
하위 메뉴 펼침중구,서비스업/ 피부관리실,124,5,119,127,6,121,159,6,153
하위 메뉴 펼침용산구,서비스업/ 피부관리실,112,3,109,124,4,120,154,8,146
하위 메뉴 펼침성동구,서비스업/ 피부관리실,128,7,121,160,11,149,196,11,185
하위 메뉴 펼침광진구,서비스업/ 피부관리실,200,4,196,222,4,218,290,5,285
하위 메뉴 펼침동대문구,서비스업/ 피부관리실,146,3,143,157,3,154,197,4,193
하위 메뉴 펼침중랑구,서비스업/ 피부관리실,150,3,147,175,3,172,227,4,223
하위 메뉴 펼침성북구,서비스업/ 피부관리실,147,2,145,165,2,163,224,3,221
하위 메뉴 펼침강북구,서비스업/ 피부관리실,148,4,144,158,5,153,201,6,195
하위 메뉴 펼침도봉구,서비스업/ 피부관리실,109,1,108,114,2,112,154,2,152
하위 메뉴 펼침노원구,서비스업/ 피부관리실,231,4,227,239,4,235,291,5,286
하위 메뉴 펼침은평구,서비스업/ 피부관리실,197,9,188,222,9,213,263,8,255
하위 메뉴 펼침서대문구,서비스업/ 피부관리실,122,1,121,130,2,128,163,1,162
하위 메뉴 펼침마포구,서비스업/ 피부관리실,338,10,328,377,11,366,466,12,454
하위 메뉴 펼침양천구,서비스업/ 피부관리실,200,8,192,214,7,207,247,7,240
하위 메뉴 펼침강서구,서비스업/ 피부관리실,369,7,362,399,7,392,517,11,506
하위 메뉴 펼침구로구,서비스업/ 피부관리실,187,6,181,199,6,193,273,7,266
하위 메뉴 펼침금천구,서비스업/ 피부관리실,81,0,81,93,0,93,135,0,135
하위 메뉴 펼침영등포구,서비스업/ 피부관리실,224,8,216,238,7,231,318,7,311
하위 메뉴 펼침동작구,서비스업/ 피부관리실,153,2,151,164,2,162,206,2,204
하위 메뉴 펼침관악구,서비스업/ 피부관리실,217,5,212,246,5,241,319,6,313
하위 메뉴 펼침서초구,서비스업/ 피부관리실,368,12,356,401,11,390,450,13,437
하위 메뉴 펼침강남구,서비스업/ 피부관리실,806,34,772,860,38,822,1006,40,966
하위 메뉴 펼침송파구,서비스업/ 피부관리실,427,15,412,481,18,463,613,19,594
하위 메뉴 펼침강동구,서비스업/ 피부관리실,226,4,222,231,4,227,296,7,289
하위 메뉴 펼침서울시 전체,서비스업/ 세탁소,5308,1015,4293,5286,985,4301,5261,965,4296
하위 메뉴 펼침종로구,서비스업/ 세탁소,109,18,91,105,15,90,108,15,93
하위 메뉴 펼침중구,서비스업/ 세탁소,93,9,84,92,9,83,93,9,84
하위 메뉴 펼침용산구,서비스업/ 세탁소,131,19,112,131,21,110,134,20,114
하위 메뉴 펼침성동구,서비스업/ 세탁소,146,31,115,151,31,120,149,30,119
하위 메뉴 펼침광진구,서비스업/ 세탁소,195,25,170,187,24,163,195,24,171
하위 메뉴 펼침동대문구,서비스업/ 세탁소,190,33,157,189,32,157,194,35,159
하위 메뉴 펼침중랑구,서비스업/ 세탁소,222,34,188,220,31,189,225,35,190
하위 메뉴 펼침성북구,서비스업/ 세탁소,248,42,206,247,43,204,237,41,196
하위 메뉴 펼침강북구,서비스업/ 세탁소,138,29,109,138,29,109,133,27,106
하위 메뉴 펼침도봉구,서비스업/ 세탁소,134,37,97,136,40,96,140,40,100
하위 메뉴 펼침노원구,서비스업/ 세탁소,203,57,146,192,53,139,193,54,139
하위 메뉴 펼침은평구,서비스업/ 세탁소,235,45,190,234,46,188,224,43,181
하위 메뉴 펼침서대문구,서비스업/ 세탁소,161,25,136,165,27,138,157,26,131
하위 메뉴 펼침마포구,서비스업/ 세탁소,216,43,173,214,41,173,220,41,179
하위 메뉴 펼침양천구,서비스업/ 세탁소,232,59,173,228,59,169,225,56,169
하위 메뉴 펼침강서구,서비스업/ 세탁소,300,63,237,308,63,245,310,60,250
하위 메뉴 펼침구로구,서비스업/ 세탁소,211,39,172,200,37,163,198,38,160
하위 메뉴 펼침금천구,서비스업/ 세탁소,123,24,99,138,26,112,144,28,116
하위 메뉴 펼침영등포구,서비스업/ 세탁소,210,35,175,218,37,181,199,32,167
하위 메뉴 펼침동작구,서비스업/ 세탁소,214,42,172,212,37,175,208,35,173
하위 메뉴 펼침관악구,서비스업/ 세탁소,302,44,258,315,40,275,326,36,290
하위 메뉴 펼침서초구,서비스업/ 세탁소,284,54,230,270,51,219,258,51,207
하위 메뉴 펼침강남구,서비스업/ 세탁소,401,63,338,394,59,335,403,61,342
하위 메뉴 펼침송파구,서비스업/ 세탁소,386,80,306,385,74,311,375,70,305
하위 메뉴 펼침강동구,서비스업/ 세탁소,224,65,159,217,60,157,213,58,155
하위 메뉴 펼침서울시 전체,서비스업/ 가전제품수리,2448,0,2448,2628,0,2628,2642,0,2642
하위 메뉴 펼침종로구,서비스업/ 가전제품수리,59,0,59,60,0,60,63,0,63
하위 메뉴 펼침중구,서비스업/ 가전제품수리,54,0,54,58,0,58,56,0,56
하위 메뉴 펼침용산구,서비스업/ 가전제품수리,63,0,63,67,0,67,65,0,65
하위 메뉴 펼침성동구,서비스업/ 가전제품수리,62,0,62,67,0,67,64,0,64
하위 메뉴 펼침광진구,서비스업/ 가전제품수리,90,0,90,97,0,97,99,0,99
하위 메뉴 펼침동대문구,서비스업/ 가전제품수리,115,0,115,110,0,110,112,0,112
하위 메뉴 펼침중랑구,서비스업/ 가전제품수리,144,0,144,160,0,160,154,0,154
하위 메뉴 펼침성북구,서비스업/ 가전제품수리,104,0,104,112,0,112,113,0,113
하위 메뉴 펼침강북구,서비스업/ 가전제품수리,84,0,84,93,0,93,92,0,92
하위 메뉴 펼침도봉구,서비스업/ 가전제품수리,99,0,99,112,0,112,106,0,106
하위 메뉴 펼침노원구,서비스업/ 가전제품수리,134,0,134,146,0,146,149,0,149
하위 메뉴 펼침은평구,서비스업/ 가전제품수리,116,0,116,124,0,124,128,0,128
하위 메뉴 펼침서대문구,서비스업/ 가전제품수리,69,0,69,74,0,74,74,0,74
하위 메뉴 펼침마포구,서비스업/ 가전제품수리,64,0,64,73,0,73,74,0,74
하위 메뉴 펼침양천구,서비스업/ 가전제품수리,123,0,123,126,0,126,126,0,126
하위 메뉴 펼침강서구,서비스업/ 가전제품수리,128,0,128,143,0,143,142,0,142
하위 메뉴 펼침구로구,서비스업/ 가전제품수리,124,0,124,130,0,130,132,0,132
하위 메뉴 펼침금천구,서비스업/ 가전제품수리,91,0,91,99,0,99,103,0,103
하위 메뉴 펼침영등포구,서비스업/ 가전제품수리,103,0,103,109,0,109,109,0,109
하위 메뉴 펼침동작구,서비스업/ 가전제품수리,63,0,63,69,0,69,70,0,70
하위 메뉴 펼침관악구,서비스업/ 가전제품수리,115,0,115,119,0,119,122,0,122
하위 메뉴 펼침서초구,서비스업/ 가전제품수리,97,0,97,107,0,107,110,0,110
하위 메뉴 펼침강남구,서비스업/ 가전제품수리,104,0,104,111,0,111,108,0,108
하위 메뉴 펼침송파구,서비스업/ 가전제품수리,126,0,126,137,0,137,141,0,141
하위 메뉴 펼침강동구,서비스업/ 가전제품수리,117,0,117,125,0,125,130,0,130
하위 메뉴 펼침서울시 전체,서비스업/ 부동산중개업,34323,10,34313,35902,10,35892,32936,9,32927
하위 메뉴 펼침종로구,서비스업/ 부동산중개업,829,1,828,853,1,852,790,1,789
하위 메뉴 펼침중구,서비스업/ 부동산중개업,858,1,857,896,1,895,834,1,833
하위 메뉴 펼침용산구,서비스업/ 부동산중개업,1142,0,1142,1175,0,1175,1102,0,1102
하위 메뉴 펼침성동구,서비스업/ 부동산중개업,1114,0,1114,1151,0,1151,1045,0,1045
하위 메뉴 펼침광진구,서비스업/ 부동산중개업,1073,0,1073,1125,0,1125,1043,0,1043
하위 메뉴 펼침동대문구,서비스업/ 부동산중개업,1063,0,1063,1092,0,1092,995,0,995
하위 메뉴 펼침중랑구,서비스업/ 부동산중개업,849,0,849,907,0,907,831,0,831
하위 메뉴 펼침성북구,서비스업/ 부동산중개업,1209,0,1209,1227,0,1227,1126,0,1126
하위 메뉴 펼침강북구,서비스업/ 부동산중개업,706,0,706,741,0,741,681,0,681
하위 메뉴 펼침도봉구,서비스업/ 부동산중개업,587,0,587,605,0,605,555,0,555
하위 메뉴 펼침노원구,서비스업/ 부동산중개업,882,1,881,909,1,908,840,1,839
하위 메뉴 펼침은평구,서비스업/ 부동산중개업,1450,1,1449,1492,1,1491,1355,1,1354
하위 메뉴 펼침서대문구,서비스업/ 부동산중개업,1002,0,1002,1022,0,1022,933,0,933
하위 메뉴 펼침마포구,서비스업/ 부동산중개업,1701,0,1701,1761,0,1761,1616,0,1616
하위 메뉴 펼침양천구,서비스업/ 부동산중개업,1130,0,1130,1171,0,1171,1068,0,1068
하위 메뉴 펼침강서구,서비스업/ 부동산중개업,1782,0,1782,1884,0,1884,1696,0,1696
하위 메뉴 펼침구로구,서비스업/ 부동산중개업,1048,0,1048,1094,0,1094,1010,0,1010
하위 메뉴 펼침금천구,서비스업/ 부동산중개업,943,0,943,1003,0,1003,913,0,913
하위 메뉴 펼침영등포구,서비스업/ 부동산중개업,1576,0,1576,1681,0,1681,1543,0,1543
하위 메뉴 펼침동작구,서비스업/ 부동산중개업,1068,0,1068,1123,0,1123,995,0,995
하위 메뉴 펼침관악구,서비스업/ 부동산중개업,1410,0,1410,1462,0,1462,1313,0,1313
하위 메뉴 펼침서초구,서비스업/ 부동산중개업,2435,2,2433,2590,2,2588,2418,2,2416
하위 메뉴 펼침강남구,서비스업/ 부동산중개업,4500,3,4497,4818,3,4815,4488,2,4486
하위 메뉴 펼침송파구,서비스업/ 부동산중개업,2414,0,2414,2524,0,2524,2292,0,2292
하위 메뉴 펼침강동구,서비스업/ 부동산중개업,1552,1,1551,1596,1,1595,1454,1,1453
하위 메뉴 펼침서울시 전체,서비스업/ 여관,2753,14,2739,2545,17,2528,2784,15,2769
하위 메뉴 펼침종로구,서비스업/ 여관,229,1,228,215,1,214,243,1,242
하위 메뉴 펼침중구,서비스업/ 여관,225,4,221,211,5,206,234,4,230
하위 메뉴 펼침용산구,서비스업/ 여관,91,0,91,83,0,83,78,0,78
하위 메뉴 펼침성동구,서비스업/ 여관,78,0,78,68,0,68,69,0,69
하위 메뉴 펼침광진구,서비스업/ 여관,94,0,94,79,1,78,92,1,91
하위 메뉴 펼침동대문구,서비스업/ 여관,138,0,138,126,0,126,132,0,132
하위 메뉴 펼침중랑구,서비스업/ 여관,107,0,107,103,0,103,101,0,101
하위 메뉴 펼침성북구,서비스업/ 여관,77,3,74,72,3,69,75,3,72
하위 메뉴 펼침강북구,서비스업/ 여관,180,1,179,154,1,153,150,1,149
하위 메뉴 펼침도봉구,서비스업/ 여관,30,0,30,23,0,23,21,0,21
하위 메뉴 펼침노원구,서비스업/ 여관,33,0,33,34,0,34,39,0,39
하위 메뉴 펼침은평구,서비스업/ 여관,83,1,82,78,1,77,87,0,87
하위 메뉴 펼침서대문구,서비스업/ 여관,99,1,98,98,1,97,112,1,111
하위 메뉴 펼침마포구,서비스업/ 여관,92,1,91,83,1,82,84,1,83
하위 메뉴 펼침양천구,서비스업/ 여관,23,0,23,20,0,20,23,0,23
하위 메뉴 펼침강서구,서비스업/ 여관,146,0,146,134,0,134,134,0,134
하위 메뉴 펼침구로구,서비스업/ 여관,112,0,112,110,0,110,119,0,119
하위 메뉴 펼침금천구,서비스업/ 여관,78,0,78,72,1,71,71,1,70
하위 메뉴 펼침영등포구,서비스업/ 여관,224,0,224,206,0,206,216,0,216
하위 메뉴 펼침동작구,서비스업/ 여관,42,0,42,43,0,43,78,0,78
하위 메뉴 펼침관악구,서비스업/ 여관,150,0,150,135,0,135,143,0,143
하위 메뉴 펼침서초구,서비스업/ 여관,77,1,76,63,1,62,91,1,90
하위 메뉴 펼침강남구,서비스업/ 여관,146,0,146,146,0,146,180,0,180
하위 메뉴 펼침송파구,서비스업/ 여관,98,0,98,97,0,97,116,0,116
하위 메뉴 펼침강동구,서비스업/ 여관,101,1,100,92,1,91,96,1,95
하위 메뉴 펼침서울시 전체,서비스업/ 게스트하우스,995,17,978,991,16,975,879,14,865
하위 메뉴 펼침종로구,서비스업/ 게스트하우스,166,4,162,177,3,174,159,1,158
하위 메뉴 펼침중구,서비스업/ 게스트하우스,130,8,122,125,8,117,111,8,103
하위 메뉴 펼침용산구,서비스업/ 게스트하우스,93,1,92,85,1,84,74,1,73
하위 메뉴 펼침성동구,서비스업/ 게스트하우스,10,0,10,10,0,10,9,0,9
하위 메뉴 펼침광진구,서비스업/ 게스트하우스,11,0,11,11,0,11,10,0,10
하위 메뉴 펼침동대문구,서비스업/ 게스트하우스,27,0,27,31,0,31,28,0,28
하위 메뉴 펼침중랑구,서비스업/ 게스트하우스,9,0,9,9,0,9,9,0,9
하위 메뉴 펼침성북구,서비스업/ 게스트하우스,17,0,17,13,0,13,12,0,12
하위 메뉴 펼침강북구,서비스업/ 게스트하우스,4,0,4,5,0,5,5,0,5
하위 메뉴 펼침도봉구,서비스업/ 게스트하우스,2,0,2,3,0,3,2,0,2
하위 메뉴 펼침노원구,서비스업/ 게스트하우스,2,0,2,3,0,3,3,0,3
하위 메뉴 펼침은평구,서비스업/ 게스트하우스,22,0,22,25,0,25,22,0,22
하위 메뉴 펼침서대문구,서비스업/ 게스트하우스,32,1,31,31,1,30,26,1,25
하위 메뉴 펼침마포구,서비스업/ 게스트하우스,289,0,289,279,0,279,249,0,249
하위 메뉴 펼침양천구,서비스업/ 게스트하우스,2,0,2,3,0,3,3,0,3
하위 메뉴 펼침강서구,서비스업/ 게스트하우스,15,0,15,14,0,14,11,0,11
하위 메뉴 펼침구로구,서비스업/ 게스트하우스,20,0,20,21,0,21,19,0,19
하위 메뉴 펼침금천구,서비스업/ 게스트하우스,3,0,3,3,0,3,3,0,3
하위 메뉴 펼침영등포구,서비스업/ 게스트하우스,27,0,27,30,0,30,25,0,25
하위 메뉴 펼침동작구,서비스업/ 게스트하우스,6,1,5,7,1,6,6,1,5
하위 메뉴 펼침관악구,서비스업/ 게스트하우스,22,0,22,22,0,22,19,0,19
하위 메뉴 펼침서초구,서비스업/ 게스트하우스,21,0,21,21,0,21,18,0,18
하위 메뉴 펼침강남구,서비스업/ 게스트하우스,41,1,40,37,1,36,35,1,34
하위 메뉴 펼침송파구,서비스업/ 게스트하우스,18,1,17,18,1,17,15,1,14
하위 메뉴 펼침강동구,서비스업/ 게스트하우스,6,0,6,8,0,8,6,0,6
하위 메뉴 펼침서울시 전체,서비스업/ 고시원,472,2,470,525,2,523,415,2,413
하위 메뉴 펼침종로구,서비스업/ 고시원,39,0,39,41,0,41,34,0,34
하위 메뉴 펼침중구,서비스업/ 고시원,35,2,33,36,2,34,30,2,28
하위 메뉴 펼침용산구,서비스업/ 고시원,17,0,17,17,0,17,14,0,14
하위 메뉴 펼침성동구,서비스업/ 고시원,12,0,12,15,0,15,12,0,12
하위 메뉴 펼침광진구,서비스업/ 고시원,11,0,11,15,0,15,10,0,10
하위 메뉴 펼침동대문구,서비스업/ 고시원,34,0,34,38,0,38,33,0,33
하위 메뉴 펼침중랑구,서비스업/ 고시원,8,0,8,8,0,8,5,0,5
하위 메뉴 펼침성북구,서비스업/ 고시원,8,0,8,8,0,8,5,0,5
하위 메뉴 펼침강북구,서비스업/ 고시원,11,0,11,16,0,16,11,0,11
하위 메뉴 펼침도봉구,서비스업/ 고시원,7,0,7,9,0,9,8,0,8
하위 메뉴 펼침노원구,서비스업/ 고시원,8,0,8,9,0,9,7,0,7
하위 메뉴 펼침은평구,서비스업/ 고시원,8,0,8,9,0,9,6,0,6
하위 메뉴 펼침서대문구,서비스업/ 고시원,27,0,27,28,0,28,23,0,23
하위 메뉴 펼침마포구,서비스업/ 고시원,24,0,24,28,0,28,25,0,25
하위 메뉴 펼침양천구,서비스업/ 고시원,4,0,4,8,0,8,5,0,5
하위 메뉴 펼침강서구,서비스업/ 고시원,11,0,11,14,0,14,10,0,10
하위 메뉴 펼침구로구,서비스업/ 고시원,21,0,21,22,0,22,15,0,15
하위 메뉴 펼침금천구,서비스업/ 고시원,9,0,9,10,0,10,7,0,7
하위 메뉴 펼침영등포구,서비스업/ 고시원,37,0,37,39,0,39,32,0,32
하위 메뉴 펼침동작구,서비스업/ 고시원,21,0,21,25,0,25,19,0,19
하위 메뉴 펼침관악구,서비스업/ 고시원,58,0,58,62,0,62,55,0,55
하위 메뉴 펼침서초구,서비스업/ 고시원,20,0,20,20,0,20,13,0,13
하위 메뉴 펼침강남구,서비스업/ 고시원,18,0,18,22,0,22,17,0,17
하위 메뉴 펼침송파구,서비스업/ 고시원,5,0,5,5,0,5,3,0,3
하위 메뉴 펼침강동구,서비스업/ 고시원,19,0,19,21,0,21,16,0,16
하위 메뉴 펼침서울시 전체,서비스업/ 노래방,6223,135,6088,5939,129,5810,5771,134,5637
하위 메뉴 펼침종로구,서비스업/ 노래방,126,2,124,118,2,116,108,2,106
하위 메뉴 펼침중구,서비스업/ 노래방,119,0,119,108,0,108,101,0,101
하위 메뉴 펼침용산구,서비스업/ 노래방,93,2,91,88,2,86,85,2,83
하위 메뉴 펼침성동구,서비스업/ 노래방,156,4,152,153,4,149,145,3,142
하위 메뉴 펼침광진구,서비스업/ 노래방,368,4,364,351,3,348,340,4,336
하위 메뉴 펼침동대문구,서비스업/ 노래방,216,3,213,200,3,197,197,4,193
하위 메뉴 펼침중랑구,서비스업/ 노래방,361,1,360,354,1,353,353,2,351
하위 메뉴 펼침성북구,서비스업/ 노래방,168,4,164,155,4,151,150,4,146
하위 메뉴 펼침강북구,서비스업/ 노래방,306,2,304,294,2,292,291,2,289
하위 메뉴 펼침도봉구,서비스업/ 노래방,187,1,186,183,1,182,173,1,172
하위 메뉴 펼침노원구,서비스업/ 노래방,277,10,267,265,10,255,262,10,252
하위 메뉴 펼침은평구,서비스업/ 노래방,228,2,226,225,3,222,218,3,215
하위 메뉴 펼침서대문구,서비스업/ 노래방,128,4,124,121,4,117,114,4,110
하위 메뉴 펼침마포구,서비스업/ 노래방,222,6,216,214,6,208,207,5,202
하위 메뉴 펼침양천구,서비스업/ 노래방,247,8,239,235,7,228,225,6,219
하위 메뉴 펼침강서구,서비스업/ 노래방,351,15,336,339,13,326,339,13,326
하위 메뉴 펼침구로구,서비스업/ 노래방,302,7,295,296,7,289,296,9,287
하위 메뉴 펼침금천구,서비스업/ 노래방,203,4,199,196,4,192,192,4,188
하위 메뉴 펼침영등포구,서비스업/ 노래방,368,7,361,349,7,342,337,10,327
하위 메뉴 펼침동작구,서비스업/ 노래방,188,1,187,177,1,176,167,1,166
하위 메뉴 펼침관악구,서비스업/ 노래방,323,10,313,313,11,302,302,11,291
하위 메뉴 펼침서초구,서비스업/ 노래방,247,10,237,231,10,221,215,12,203
하위 메뉴 펼침강남구,서비스업/ 노래방,278,9,269,253,8,245,240,7,233
하위 메뉴 펼침송파구,서비스업/ 노래방,503,13,490,471,10,461,472,10,462
하위 메뉴 펼침강동구,서비스업/ 노래방,258,6,252,250,6,244,242,5,237
하위 메뉴 펼침서울시 전체,서비스업/ 독서실,2725,376,2349,2771,343,2428,2652,291,2361
하위 메뉴 펼침종로구,서비스업/ 독서실,39,1,38,38,1,37,36,3,33
하위 메뉴 펼침중구,서비스업/ 독서실,42,2,40,42,3,39,37,1,36
하위 메뉴 펼침용산구,서비스업/ 독서실,22,6,16,26,8,18,25,4,21
하위 메뉴 펼침성동구,서비스업/ 독서실,57,11,46,60,12,48,53,9,44
하위 메뉴 펼침광진구,서비스업/ 독서실,95,12,83,107,13,94,102,10,92
하위 메뉴 펼침동대문구,서비스업/ 독서실,107,10,97,104,9,95,91,8,83
하위 메뉴 펼침중랑구,서비스업/ 독서실,56,8,48,57,7,50,59,6,53
하위 메뉴 펼침성북구,서비스업/ 독서실,108,11,97,112,12,100,103,8,95
하위 메뉴 펼침강북구,서비스업/ 독서실,53,5,48,56,5,51,52,5,47
하위 메뉴 펼침도봉구,서비스업/ 독서실,68,12,56,73,13,60,70,11,59
하위 메뉴 펼침노원구,서비스업/ 독서실,150,28,122,142,26,116,144,18,126
하위 메뉴 펼침은평구,서비스업/ 독서실,84,8,76,83,5,78,82,5,77
하위 메뉴 펼침서대문구,서비스업/ 독서실,104,16,88,107,14,93,101,9,92
하위 메뉴 펼침마포구,서비스업/ 독서실,83,7,76,91,7,84,88,6,82
하위 메뉴 펼침양천구,서비스업/ 독서실,143,31,112,143,25,118,146,23,123
하위 메뉴 펼침강서구,서비스업/ 독서실,118,13,105,122,14,108,115,15,100
하위 메뉴 펼침구로구,서비스업/ 독서실,64,6,58,68,5,63,69,5,64
하위 메뉴 펼침금천구,서비스업/ 독서실,35,6,29,41,6,35,39,5,34
하위 메뉴 펼침영등포구,서비스업/ 독서실,85,15,70,91,15,76,82,15,67
하위 메뉴 펼침동작구,서비스업/ 독서실,226,20,206,223,18,205,213,22,191
하위 메뉴 펼침관악구,서비스업/ 독서실,237,18,219,239,19,220,235,22,213
하위 메뉴 펼침서초구,서비스업/ 독서실,151,30,121,145,23,122,121,11,110
하위 메뉴 펼침강남구,서비스업/ 독서실,268,37,231,271,33,238,261,24,237
하위 메뉴 펼침송파구,서비스업/ 독서실,212,42,170,210,30,180,210,29,181
하위 메뉴 펼침강동구,서비스업/ 독서실,118,21,97,120,20,100,118,17,101
하위 메뉴 펼침서울시 전체,서비스업/ DVD방,190,0,190,182,2,180,269,2,267
하위 메뉴 펼침종로구,서비스업/ DVD방,9,0,9,11,0,11,15,0,15
하위 메뉴 펼침중구,서비스업/ DVD방,2,0,2,4,0,4,4,0,4
하위 메뉴 펼침용산구,서비스업/ DVD방,2,0,2,2,0,2,4,0,4
하위 메뉴 펼침성동구,서비스업/ DVD방,4,0,4,3,0,3,4,0,4
하위 메뉴 펼침광진구,서비스업/ DVD방,13,0,13,12,0,12,14,0,14
하위 메뉴 펼침동대문구,서비스업/ DVD방,7,0,7,5,0,5,7,0,7
하위 메뉴 펼침중랑구,서비스업/ DVD방,2,0,2,1,0,1,7,0,7
하위 메뉴 펼침성북구,서비스업/ DVD방,7,0,7,7,0,7,6,0,6
하위 메뉴 펼침강북구,서비스업/ DVD방,9,0,9,11,0,11,12,0,12
하위 메뉴 펼침도봉구,서비스업/ DVD방,3,0,3,3,0,3,4,0,4
하위 메뉴 펼침노원구,서비스업/ DVD방,10,0,10,12,0,12,15,0,15
하위 메뉴 펼침은평구,서비스업/ DVD방,3,0,3,3,0,3,8,0,8
하위 메뉴 펼침서대문구,서비스업/ DVD방,6,0,6,5,0,5,6,0,6
하위 메뉴 펼침마포구,서비스업/ DVD방,16,0,16,14,0,14,23,0,23
하위 메뉴 펼침양천구,서비스업/ DVD방,4,0,4,3,0,3,5,0,5
하위 메뉴 펼침강서구,서비스업/ DVD방,11,0,11,11,1,10,17,1,16
하위 메뉴 펼침구로구,서비스업/ DVD방,4,0,4,4,0,4,9,0,9
하위 메뉴 펼침금천구,서비스업/ DVD방,1,0,1,2,0,2,2,0,2
하위 메뉴 펼침영등포구,서비스업/ DVD방,12,0,12,10,0,10,17,0,17
하위 메뉴 펼침동작구,서비스업/ DVD방,5,0,5,6,0,6,7,0,7
하위 메뉴 펼침관악구,서비스업/ DVD방,14,0,14,13,0,13,19,0,19
하위 메뉴 펼침서초구,서비스업/ DVD방,11,0,11,11,0,11,12,0,12
하위 메뉴 펼침강남구,서비스업/ DVD방,18,0,18,15,0,15,29,0,29
하위 메뉴 펼침송파구,서비스업/ DVD방,14,0,14,12,1,11,14,1,13
하위 메뉴 펼침강동구,서비스업/ DVD방,3,0,3,2,0,2,9,0,9
하위 메뉴 펼침서울시 전체,서비스업/ 녹음실,839,3,836,879,3,876,848,3,845
하위 메뉴 펼침종로구,서비스업/ 녹음실,9,0,9,11,0,11,11,0,11
하위 메뉴 펼침중구,서비스업/ 녹음실,5,0,5,3,0,3,4,0,4
하위 메뉴 펼침용산구,서비스업/ 녹음실,19,0,19,19,0,19,18,0,18
하위 메뉴 펼침성동구,서비스업/ 녹음실,18,0,18,18,0,18,17,0,17
하위 메뉴 펼침광진구,서비스업/ 녹음실,20,0,20,21,0,21,21,0,21
하위 메뉴 펼침동대문구,서비스업/ 녹음실,10,0,10,13,0,13,13,0,13
하위 메뉴 펼침중랑구,서비스업/ 녹음실,5,0,5,5,0,5,4,0,4
하위 메뉴 펼침성북구,서비스업/ 녹음실,13,0,13,14,0,14,15,0,15
하위 메뉴 펼침강북구,서비스업/ 녹음실,9,0,9,10,0,10,10,0,10
하위 메뉴 펼침도봉구,서비스업/ 녹음실,5,0,5,6,0,6,5,0,5
하위 메뉴 펼침노원구,서비스업/ 녹음실,9,0,9,9,0,9,9,0,9
하위 메뉴 펼침은평구,서비스업/ 녹음실,22,1,21,22,1,21,22,1,21
하위 메뉴 펼침서대문구,서비스업/ 녹음실,22,0,22,26,0,26,24,0,24
하위 메뉴 펼침마포구,서비스업/ 녹음실,174,1,173,179,1,178,171,1,170
하위 메뉴 펼침양천구,서비스업/ 녹음실,15,0,15,17,0,17,17,0,17
하위 메뉴 펼침강서구,서비스업/ 녹음실,28,0,28,32,0,32,32,0,32
하위 메뉴 펼침구로구,서비스업/ 녹음실,16,0,16,17,0,17,16,0,16
하위 메뉴 펼침금천구,서비스업/ 녹음실,8,0,8,9,0,9,9,0,9
하위 메뉴 펼침영등포구,서비스업/ 녹음실,63,0,63,66,0,66,63,0,63
하위 메뉴 펼침동작구,서비스업/ 녹음실,20,1,19,20,1,19,19,1,18
하위 메뉴 펼침관악구,서비스업/ 녹음실,17,0,17,19,0,19,18,0,18
하위 메뉴 펼침서초구,서비스업/ 녹음실,82,0,82,82,0,82,80,0,80
하위 메뉴 펼침강남구,서비스업/ 녹음실,201,0,201,208,0,208,203,0,203
하위 메뉴 펼침송파구,서비스업/ 녹음실,36,0,36,39,0,39,33,0,33
하위 메뉴 펼침강동구,서비스업/ 녹음실,13,0,13,14,0,14,14,0,14
하위 메뉴 펼침서울시 전체,서비스업/ 사진관,4740,11,4729,5177,11,5166,5268,11,5257
하위 메뉴 펼침종로구,서비스업/ 사진관,156,0,156,167,0,167,173,0,173
하위 메뉴 펼침중구,서비스업/ 사진관,166,0,166,178,0,178,177,0,177
하위 메뉴 펼침용산구,서비스업/ 사진관,174,2,172,189,2,187,191,2,189
하위 메뉴 펼침성동구,서비스업/ 사진관,197,0,197,223,0,223,221,0,221
하위 메뉴 펼침광진구,서비스업/ 사진관,165,1,164,177,1,176,186,1,185
하위 메뉴 펼침동대문구,서비스업/ 사진관,129,0,129,135,0,135,133,0,133
하위 메뉴 펼침중랑구,서비스업/ 사진관,111,2,109,112,2,110,115,3,112
하위 메뉴 펼침성북구,서비스업/ 사진관,130,0,130,137,0,137,133,0,133
하위 메뉴 펼침강북구,서비스업/ 사진관,80,0,80,86,0,86,84,0,84
하위 메뉴 펼침도봉구,서비스업/ 사진관,61,0,61,72,0,72,65,0,65
하위 메뉴 펼침노원구,서비스업/ 사진관,134,0,134,145,0,145,143,0,143
하위 메뉴 펼침은평구,서비스업/ 사진관,139,0,139,156,0,156,153,0,153
하위 메뉴 펼침서대문구,서비스업/ 사진관,145,1,144,152,1,151,159,1,158
하위 메뉴 펼침마포구,서비스업/ 사진관,459,0,459,528,0,528,540,0,540
하위 메뉴 펼침양천구,서비스업/ 사진관,96,1,95,111,1,110,108,1,107
하위 메뉴 펼침강서구,서비스업/ 사진관,174,0,174,199,0,199,213,0,213
하위 메뉴 펼침구로구,서비스업/ 사진관,96,0,96,101,0,101,100,0,100
하위 메뉴 펼침금천구,서비스업/ 사진관,65,0,65,73,0,73,74,0,74
하위 메뉴 펼침영등포구,서비스업/ 사진관,161,0,161,174,0,174,171,0,171
하위 메뉴 펼침동작구,서비스업/ 사진관,108,0,108,120,0,120,115,0,115
하위 메뉴 펼침관악구,서비스업/ 사진관,107,0,107,124,0,124,138,0,138
하위 메뉴 펼침서초구,서비스업/ 사진관,327,2,325,367,2,365,386,2,384
하위 메뉴 펼침강남구,서비스업/ 사진관,1036,1,1035,1095,1,1094,1114,1,1113
하위 메뉴 펼침송파구,서비스업/ 사진관,199,0,199,224,0,224,241,0,241
하위 메뉴 펼침강동구,서비스업/ 사진관,125,1,124,132,1,131,135,0,135
하위 메뉴 펼침서울시 전체,서비스업/ 통번역서비스,1189,4,1185,1336,4,1332,1256,4,1252
하위 메뉴 펼침종로구,서비스업/ 통번역서비스,89,0,89,95,0,95,89,0,89
하위 메뉴 펼침중구,서비스업/ 통번역서비스,63,2,61,65,2,63,64,2,62
하위 메뉴 펼침용산구,서비스업/ 통번역서비스,36,0,36,42,0,42,38,0,38
하위 메뉴 펼침성동구,서비스업/ 통번역서비스,32,0,32,43,0,43,40,0,40
하위 메뉴 펼침광진구,서비스업/ 통번역서비스,18,0,18,23,0,23,18,0,18
하위 메뉴 펼침동대문구,서비스업/ 통번역서비스,20,0,20,28,0,28,26,0,26
하위 메뉴 펼침중랑구,서비스업/ 통번역서비스,13,0,13,17,0,17,16,0,16
하위 메뉴 펼침성북구,서비스업/ 통번역서비스,27,0,27,31,0,31,31,0,31
하위 메뉴 펼침강북구,서비스업/ 통번역서비스,17,0,17,15,0,15,12,0,12
하위 메뉴 펼침도봉구,서비스업/ 통번역서비스,9,0,9,13,0,13,13,0,13
하위 메뉴 펼침노원구,서비스업/ 통번역서비스,25,0,25,26,0,26,25,0,25
하위 메뉴 펼침은평구,서비스업/ 통번역서비스,26,0,26,31,0,31,30,0,30
하위 메뉴 펼침서대문구,서비스업/ 통번역서비스,31,0,31,40,0,40,38,0,38
하위 메뉴 펼침마포구,서비스업/ 통번역서비스,81,0,81,88,0,88,83,0,83
하위 메뉴 펼침양천구,서비스업/ 통번역서비스,32,0,32,37,0,37,35,0,35
하위 메뉴 펼침강서구,서비스업/ 통번역서비스,32,0,32,41,0,41,32,0,32
하위 메뉴 펼침구로구,서비스업/ 통번역서비스,44,0,44,45,0,45,43,0,43
하위 메뉴 펼침금천구,서비스업/ 통번역서비스,53,0,53,64,0,64,61,0,61
하위 메뉴 펼침영등포구,서비스업/ 통번역서비스,76,0,76,84,0,84,81,0,81
하위 메뉴 펼침동작구,서비스업/ 통번역서비스,18,0,18,21,0,21,21,0,21
하위 메뉴 펼침관악구,서비스업/ 통번역서비스,37,0,37,38,0,38,38,0,38
하위 메뉴 펼침서초구,서비스업/ 통번역서비스,129,0,129,136,0,136,124,0,124
하위 메뉴 펼침강남구,서비스업/ 통번역서비스,177,1,176,192,1,191,184,1,183
하위 메뉴 펼침송파구,서비스업/ 통번역서비스,83,1,82,97,1,96,91,1,90
하위 메뉴 펼침강동구,서비스업/ 통번역서비스,21,0,21,24,0,24,23,0,23
하위 메뉴 펼침서울시 전체,서비스업/ 건축물청소,3379,65,3314,3779,67,3712,3533,63,3470
하위 메뉴 펼침종로구,서비스업/ 건축물청소,61,0,61,67,0,67,65,0,65
하위 메뉴 펼침중구,서비스업/ 건축물청소,55,0,55,61,0,61,57,0,57
하위 메뉴 펼침용산구,서비스업/ 건축물청소,68,2,66,76,2,74,74,2,72
하위 메뉴 펼침성동구,서비스업/ 건축물청소,86,3,83,94,3,91,87,3,84
하위 메뉴 펼침광진구,서비스업/ 건축물청소,147,5,142,163,5,158,152,4,148
하위 메뉴 펼침동대문구,서비스업/ 건축물청소,121,7,114,126,7,119,117,6,111
하위 메뉴 펼침중랑구,서비스업/ 건축물청소,172,5,167,207,6,201,195,6,189
하위 메뉴 펼침성북구,서비스업/ 건축물청소,109,0,109,129,0,129,122,0,122
하위 메뉴 펼침강북구,서비스업/ 건축물청소,114,5,109,131,5,126,123,5,118
하위 메뉴 펼침도봉구,서비스업/ 건축물청소,118,2,116,136,2,134,127,2,125
하위 메뉴 펼침노원구,서비스업/ 건축물청소,161,6,155,188,6,182,173,6,167
하위 메뉴 펼침은평구,서비스업/ 건축물청소,158,3,155,184,3,181,168,2,166
하위 메뉴 펼침서대문구,서비스업/ 건축물청소,79,0,79,82,0,82,75,0,75
하위 메뉴 펼침마포구,서비스업/ 건축물청소,144,1,143,158,1,157,147,1,146
하위 메뉴 펼침양천구,서비스업/ 건축물청소,122,3,119,134,3,131,122,2,120
하위 메뉴 펼침강서구,서비스업/ 건축물청소,208,3,205,245,3,242,228,3,225
하위 메뉴 펼침구로구,서비스업/ 건축물청소,155,2,153,173,2,171,164,2,162
하위 메뉴 펼침금천구,서비스업/ 건축물청소,125,0,125,134,0,134,123,0,123
하위 메뉴 펼침영등포구,서비스업/ 건축물청소,170,3,167,182,3,179,173,3,170
하위 메뉴 펼침동작구,서비스업/ 건축물청소,109,3,106,115,3,112,109,3,106
하위 메뉴 펼침관악구,서비스업/ 건축물청소,154,1,153,174,1,173,159,1,158
하위 메뉴 펼침서초구,서비스업/ 건축물청소,155,2,153,179,3,176,173,3,170
하위 메뉴 펼침강남구,서비스업/ 건축물청소,218,2,216,232,2,230,225,2,223
하위 메뉴 펼침송파구,서비스업/ 건축물청소,202,2,200,223,2,221,204,2,202
하위 메뉴 펼침강동구,서비스업/ 건축물청소,168,5,163,186,5,181,171,5,166
하위 메뉴 펼침서울시 전체,서비스업/ 여행사,5874,9,5865,5829,8,5821,5697,6,5691
하위 메뉴 펼침종로구,서비스업/ 여행사,1064,1,1063,1065,1,1064,1054,1,1053
하위 메뉴 펼침중구,서비스업/ 여행사,1049,0,1049,1035,0,1035,997,0,997
하위 메뉴 펼침용산구,서비스업/ 여행사,151,0,151,148,0,148,143,0,143
하위 메뉴 펼침성동구,서비스업/ 여행사,73,0,73,74,0,74,71,0,71
하위 메뉴 펼침광진구,서비스업/ 여행사,87,0,87,91,0,91,91,0,91
하위 메뉴 펼침동대문구,서비스업/ 여행사,83,1,82,81,1,80,79,1,78
하위 메뉴 펼침중랑구,서비스업/ 여행사,42,0,42,42,0,42,39,0,39
하위 메뉴 펼침성북구,서비스업/ 여행사,55,0,55,56,0,56,56,0,56
하위 메뉴 펼침강북구,서비스업/ 여행사,41,0,41,42,0,42,38,0,38
하위 메뉴 펼침도봉구,서비스업/ 여행사,28,0,28,28,0,28,27,0,27
하위 메뉴 펼침노원구,서비스업/ 여행사,50,0,50,51,0,51,54,0,54
하위 메뉴 펼침은평구,서비스업/ 여행사,64,1,63,64,1,63,65,0,65
하위 메뉴 펼침서대문구,서비스업/ 여행사,187,0,187,182,0,182,174,0,174
하위 메뉴 펼침마포구,서비스업/ 여행사,629,2,627,618,2,616,616,2,614
하위 메뉴 펼침양천구,서비스업/ 여행사,74,0,74,73,0,73,69,0,69
하위 메뉴 펼침강서구,서비스업/ 여행사,240,0,240,243,0,243,236,0,236
하위 메뉴 펼침구로구,서비스업/ 여행사,174,1,173,165,1,164,162,0,162
하위 메뉴 펼침금천구,서비스업/ 여행사,137,0,137,140,0,140,129,0,129
하위 메뉴 펼침영등포구,서비스업/ 여행사,337,0,337,338,0,338,327,0,327
하위 메뉴 펼침동작구,서비스업/ 여행사,47,0,47,47,0,47,47,0,47
하위 메뉴 펼침관악구,서비스업/ 여행사,48,0,48,47,0,47,47,0,47
하위 메뉴 펼침서초구,서비스업/ 여행사,349,2,347,337,1,336,324,1,323
하위 메뉴 펼침강남구,서비스업/ 여행사,584,1,583,580,1,579,573,1,572
하위 메뉴 펼침송파구,서비스업/ 여행사,199,0,199,199,0,199,199,0,199
하위 메뉴 펼침강동구,서비스업/ 여행사,82,0,82,83,0,83,80,0,80
하위 메뉴 펼침서울시 전체,서비스업/ 비디오/서적임대,259,51,208,254,50,204,246,51,195
하위 메뉴 펼침종로구,서비스업/ 비디오/서적임대,12,1,11,12,1,11,9,1,8
하위 메뉴 펼침중구,서비스업/ 비디오/서적임대,8,1,7,8,1,7,8,1,7
하위 메뉴 펼침용산구,서비스업/ 비디오/서적임대,9,4,5,8,3,5,8,3,5
하위 메뉴 펼침성동구,서비스업/ 비디오/서적임대,5,1,4,5,1,4,5,1,4
하위 메뉴 펼침광진구,서비스업/ 비디오/서적임대,13,1,12,12,2,10,12,2,10
하위 메뉴 펼침동대문구,서비스업/ 비디오/서적임대,11,3,8,12,3,9,11,3,8
하위 메뉴 펼침중랑구,서비스업/ 비디오/서적임대,6,2,4,6,2,4,6,2,4
하위 메뉴 펼침성북구,서비스업/ 비디오/서적임대,11,3,8,10,3,7,11,3,8
하위 메뉴 펼침강북구,서비스업/ 비디오/서적임대,9,2,7,10,2,8,8,2,6
하위 메뉴 펼침도봉구,서비스업/ 비디오/서적임대,5,0,5,6,0,6,6,0,6
하위 메뉴 펼침노원구,서비스업/ 비디오/서적임대,9,2,7,8,2,6,8,2,6
하위 메뉴 펼침은평구,서비스업/ 비디오/서적임대,9,3,6,7,2,5,6,2,4
하위 메뉴 펼침서대문구,서비스업/ 비디오/서적임대,5,2,3,6,3,3,5,2,3
하위 메뉴 펼침마포구,서비스업/ 비디오/서적임대,10,1,9,9,1,8,12,1,11
하위 메뉴 펼침양천구,서비스업/ 비디오/서적임대,9,2,7,8,2,6,8,2,6
하위 메뉴 펼침강서구,서비스업/ 비디오/서적임대,15,1,14,12,1,11,12,1,11
하위 메뉴 펼침구로구,서비스업/ 비디오/서적임대,7,2,5,7,2,5,8,2,6
하위 메뉴 펼침금천구,서비스업/ 비디오/서적임대,3,0,3,3,0,3,3,0,3
하위 메뉴 펼침영등포구,서비스업/ 비디오/서적임대,11,0,11,10,0,10,9,0,9
하위 메뉴 펼침동작구,서비스업/ 비디오/서적임대,12,3,9,13,3,10,11,3,8
하위 메뉴 펼침관악구,서비스업/ 비디오/서적임대,10,3,7,8,3,5,7,3,4
하위 메뉴 펼침서초구,서비스업/ 비디오/서적임대,19,2,17,20,2,18,17,2,15
하위 메뉴 펼침강남구,서비스업/ 비디오/서적임대,24,4,20,26,3,23,23,3,20
하위 메뉴 펼침송파구,서비스업/ 비디오/서적임대,19,6,13,19,6,13,21,8,13
하위 메뉴 펼침강동구,서비스업/ 비디오/서적임대,8,2,6,9,2,7,12,2,10
하위 메뉴 펼침서울시 전체,서비스업/ 의류임대,535,2,533,539,2,537,494,2,492
하위 메뉴 펼침종로구,서비스업/ 의류임대,57,0,57,58,0,58,56,0,56
하위 메뉴 펼침중구,서비스업/ 의류임대,45,0,45,47,0,47,46,0,46
하위 메뉴 펼침용산구,서비스업/ 의류임대,12,0,12,14,0,14,12,0,12
하위 메뉴 펼침성동구,서비스업/ 의류임대,14,0,14,13,0,13,13,0,13
하위 메뉴 펼침광진구,서비스업/ 의류임대,15,0,15,15,0,15,13,0,13
하위 메뉴 펼침동대문구,서비스업/ 의류임대,13,0,13,14,0,14,12,0,12
하위 메뉴 펼침중랑구,서비스업/ 의류임대,13,0,13,12,0,12,11,0,11
하위 메뉴 펼침성북구,서비스업/ 의류임대,21,0,21,21,0,21,21,0,21
하위 메뉴 펼침강북구,서비스업/ 의류임대,14,0,14,16,0,16,15,0,15
하위 메뉴 펼침도봉구,서비스업/ 의류임대,3,0,3,2,0,2,2,0,2
하위 메뉴 펼침노원구,서비스업/ 의류임대,10,0,10,11,0,11,10,0,10
하위 메뉴 펼침은평구,서비스업/ 의류임대,10,0,10,9,0,9,7,0,7
하위 메뉴 펼침서대문구,서비스업/ 의류임대,18,1,17,18,1,17,17,1,16
하위 메뉴 펼침마포구,서비스업/ 의류임대,25,0,25,21,0,21,17,0,17
하위 메뉴 펼침양천구,서비스업/ 의류임대,7,0,7,5,0,5,4,0,4
하위 메뉴 펼침강서구,서비스업/ 의류임대,14,0,14,16,0,16,12,0,12
하위 메뉴 펼침구로구,서비스업/ 의류임대,12,0,12,13,0,13,9,0,9
하위 메뉴 펼침금천구,서비스업/ 의류임대,8,0,8,10,0,10,9,0,9
하위 메뉴 펼침영등포구,서비스업/ 의류임대,18,0,18,19,0,19,18,0,18
하위 메뉴 펼침동작구,서비스업/ 의류임대,9,0,9,9,0,9,8,0,8
하위 메뉴 펼침관악구,서비스업/ 의류임대,11,0,11,10,0,10,8,0,8
하위 메뉴 펼침서초구,서비스업/ 의류임대,25,0,25,25,0,25,24,0,24
하위 메뉴 펼침강남구,서비스업/ 의류임대,137,0,137,137,0,137,127,0,127
하위 메뉴 펼침송파구,서비스업/ 의류임대,12,1,11,12,1,11,11,1,10
하위 메뉴 펼침강동구,서비스업/ 의류임대,12,0,12,12,0,12,12,0,12
하위 메뉴 펼침서울시 전체,서비스업/ 가정용품임대,624,2,622,696,2,694,653,1,652
하위 메뉴 펼침종로구,서비스업/ 가정용품임대,6,0,6,10,0,10,9,0,9
하위 메뉴 펼침중구,서비스업/ 가정용품임대,9,0,9,11,0,11,11,0,11
하위 메뉴 펼침용산구,서비스업/ 가정용품임대,13,0,13,16,0,16,15,0,15
하위 메뉴 펼침성동구,서비스업/ 가정용품임대,19,0,19,24,0,24,23,0,23
하위 메뉴 펼침광진구,서비스업/ 가정용품임대,16,0,16,18,0,18,18,0,18
하위 메뉴 펼침동대문구,서비스업/ 가정용품임대,22,0,22,22,0,22,21,0,21
하위 메뉴 펼침중랑구,서비스업/ 가정용품임대,21,0,21,25,0,25,25,0,25
하위 메뉴 펼침성북구,서비스업/ 가정용품임대,28,0,28,32,0,32,29,0,29
하위 메뉴 펼침강북구,서비스업/ 가정용품임대,22,0,22,25,0,25,24,0,24
하위 메뉴 펼침도봉구,서비스업/ 가정용품임대,15,0,15,15,0,15,14,0,14
하위 메뉴 펼침노원구,서비스업/ 가정용품임대,17,0,17,17,0,17,15,0,15
하위 메뉴 펼침은평구,서비스업/ 가정용품임대,13,0,13,15,0,15,14,0,14
하위 메뉴 펼침서대문구,서비스업/ 가정용품임대,14,0,14,14,0,14,15,0,15
하위 메뉴 펼침마포구,서비스업/ 가정용품임대,32,0,32,36,0,36,35,0,35
하위 메뉴 펼침양천구,서비스업/ 가정용품임대,21,1,20,24,1,23,24,1,23
하위 메뉴 펼침강서구,서비스업/ 가정용품임대,36,0,36,42,0,42,36,0,36
하위 메뉴 펼침구로구,서비스업/ 가정용품임대,28,1,27,30,1,29,29,0,29
하위 메뉴 펼침금천구,서비스업/ 가정용품임대,33,0,33,36,0,36,34,0,34
하위 메뉴 펼침영등포구,서비스업/ 가정용품임대,28,0,28,33,0,33,32,0,32
하위 메뉴 펼침동작구,서비스업/ 가정용품임대,22,0,22,23,0,23,22,0,22
하위 메뉴 펼침관악구,서비스업/ 가정용품임대,19,0,19,20,0,20,19,0,19
하위 메뉴 펼침서초구,서비스업/ 가정용품임대,51,0,51,56,0,56,52,0,52
하위 메뉴 펼침강남구,서비스업/ 가정용품임대,56,0,56,65,0,65,58,0,58
하위 메뉴 펼침송파구,서비스업/ 가정용품임대,46,0,46,48,0,48,44,0,44
하위 메뉴 펼침강동구,서비스업/ 가정용품임대,37,0,37,39,0,39,35,0,35
